"assetCode","title","author","sourceUrl","license","licenseUrl","creditRequirement","sourceVerifiedUtc","sourceTriangles","modelArchiveConfirmed","actualImportPath","plannedImportPath","approvalStatus","implementationStatus","restrictionsAndNextCheck","actualArchivePath","archiveBytes","archiveSha256","sourceFormat","confirmedModelEntries","archiveVerifiedUtc"
"L2-R","Computer Desk","CR!STALLL","https://sketchfab.com/3d-models/computer-desk-ff0674f66e11462e8b3417dee2b58ac9","CC Attribution","http://creativecommons.org/licenses/by/4.0/","Author must be credited. Commercial use is allowed. Keep title/source/license and identify modifications.","2026-09-29T10:13:18.3906306Z","12548","true","Assets/ThirdParty/ApprovedProps/L2_R/Models/L2_R.fbx","Assets/ThirdParty/ApprovedProps/L2_R/ (PROPOSED_ONLY)","Approved computer parts only","STAGED_LOCAL_CHECKS_PASS","Nine ControlDesk computers use the L2-R monitor/keyboard/mouse/tower; wooden desk/chair excluded. Final network/runtime acceptance pending.","C:/Users/hieud/Downloads/computer-desk.zip","50838141","1F7F62B1DB3061032FEEE02BED37775D230E34E66916CD089642554FAA5C6F60","FBX","source/ComputerDesk.fbx","2026-09-29T17:02:18Z"
"G1","M67 GRENADE","Tiago Lopes","https://sketchfab.com/3d-models/m67-grenade-d202644dfaf441a0a145befbd7add45a","CC Attribution","http://creativecommons.org/licenses/by/4.0/","Author must be credited. Commercial use is allowed. Keep title/source/license and identify modifications.","2026-09-29T10:13:19.1328016Z","4747","true","Assets/ThirdParty/ApprovedProps/G1/Models/G1.fbx","Assets/ThirdParty/ApprovedProps/G1/ (PROPOSED_ONLY)","Approved visual","STAGED_LOCAL_CHECKS_PASS","18 frag supplies, pickup/catalog/projectile sourced meshes pass in-place checks. Full FP/TP gameplay matrix pending.","C:/Users/hieud/Downloads/m67-grenade (1).zip","132434895","12B0E085DD98FA0C4E9C51657FA605FD466CA6602228CCBBF3065D4AD5C101D1","FBX","source/granada_sketchfab.fbx","2026-09-29T17:02:18Z"
"G2","Incendiary Grenade","R.Linden","https://sketchfab.com/3d-models/incendiary-grenade-74a5e9a18c1947118d1895dca900afb5","CC Attribution","http://creativecommons.org/licenses/by/4.0/","Author must be credited. Commercial use is allowed. Keep title/source/license and identify modifications.","2026-09-29T10:13:19.8397566Z","2796","true","Assets/ThirdParty/ApprovedProps/G2/Models/G2.dae","Assets/ThirdParty/ApprovedProps/G2/ (PROPOSED_ONLY)","Approved visual","STAGED_LOCAL_CHECKS_PASS","18 incendiary supplies and sourced projectile visual; legacy ThermiteCore inactive. Full runtime acceptance pending.","C:/Users/hieud/Downloads/incendiary-grenade.zip","3843709","573CC3BE732D4B71D53B3B751BF9A3E8D7FB3F676EEF74D2DCBD14427ACFF85D","DAE","source/model.zip!/model/model.dae","2026-09-29T17:02:18Z"
"M1-S1","Medical Kit Bag","yronthal","https://sketchfab.com/3d-models/medical-kit-bag-abc2f95bce4c4e69bfc0d8742d37e78b","CC Attribution","http://creativecommons.org/licenses/by/4.0/","Author must be credited. Commercial use is allowed. Keep title/source/license and identify modifications.","2026-09-29T10:13:20.1823165Z","9983","true","Assets/ThirdParty/ApprovedProps/M1_S1/Models/M1_S1.fbx","Assets/ThirdParty/ApprovedProps/M1_S1/ (PROPOSED_ONLY)","Approved visual with green marking","STAGED_LOCAL_CHECKS_PASS","18 medkit and 9 MedicalCase supplies use recolored derivative; original source texture retained. Network acceptance pending.","C:/Users/hieud/Downloads/medical-kit-bag.zip","19364287","E50263FB4270815A1A065FF98E03D8A031070B9C00B8C1D480D6A75D1460B986","GLB","source/model.glb","2026-09-29T17:02:18Z"
"M2","AZ Vaccine vial","VRC-IW","https://sketchfab.com/3d-models/az-vaccine-vial-a1bb302ae09645e78cbda7bd53fd9dff","CC Attribution","http://creativecommons.org/licenses/by/4.0/","Author must be credited. Commercial use is allowed. Keep title/source/license and identify modifications.","2026-09-29T10:13:20.5768838Z","1330","true","Assets/ThirdParty/ApprovedProps/M2/Models/M2.fbx","Assets/ThirdParty/ApprovedProps/M2/ (PROPOSED_ONLY)","Approved visual with fictional T-9 label","STAGED_LOCAL_CHECKS_PASS","18 antidote supplies use fictional BRT/T-9 label derivative. Original vaccine texture retained; final acceptance pending.","C:/Users/hieud/Downloads/az-vaccine-vial.zip","219656","442260973F43ABE5FDA1FE2D82D3880D8134DF6BA833FEA3643BF58879812D5E","FBX","source/AZvaccine.fbx","2026-09-29T17:02:18Z"
"AM1","Handgun Ammo Box REMAKE","jsandwich96","https://sketchfab.com/3d-models/handgun-ammo-box-remake-74871b58382a418ab310e6d22b1e263f","CC Attribution","http://creativecommons.org/licenses/by/4.0/","Author must be credited. Commercial use is allowed. Keep title/source/license and identify modifications.","2026-09-29T10:13:20.7062208Z","1330","true","Assets/ThirdParty/ApprovedProps/AM1/Models/AM1.fbx","Assets/ThirdParty/ApprovedProps/AM1/ (PROPOSED_ONLY)","Approved visual","STAGED_LOCAL_CHECKS_PASS","9 Classic caches; amount 24; whole-pack fixed-weapon mapping and support verified in place.","C:/Users/hieud/Downloads/handgun-ammo-box-remake.zip","49010591","0C58E0705F58C2006A448FAE2BE8B0D01E9D4B42DCCDC9DD36E9FF3D01B2BE69","BLEND","source/Handgun Ammo Box REMAKE.blend","2026-09-29T17:02:18Z"
"AM2","Assault Rifle Ammo Box REMAKE","jsandwich96","https://sketchfab.com/3d-models/assault-rifle-ammo-box-remake-0e880a3c2cfd4ea9a4891a81f621733b","CC Attribution","http://creativecommons.org/licenses/by/4.0/","Author must be credited. Commercial use is allowed. Keep title/source/license and identify modifications.","2026-09-29T10:13:21.0468825Z","6724","true","Assets/ThirdParty/ApprovedProps/AM2/Models/AM2.fbx","Assets/ThirdParty/ApprovedProps/AM2/ (PROPOSED_ONLY)","Approved visual","STAGED_LOCAL_CHECKS_PASS","6 Vandal caches; amount 30; Laboratory_1_0 chooseReward retained. Imported count excludes 352 zero-area triangles.","C:/Users/hieud/Downloads/assault-rifle-ammo-box-remake.zip","11514547","1CFC731A8C68406F17A342E5F9785DF42E6DDC1538B9503883C7B19AA45BAE9E","FBX","source/Assault Rifle Ammo Box REMAKE.fbx","2026-09-29T17:02:18Z"
"AM3","Shotgun Ammo Box","jsandwich96","https://sketchfab.com/3d-models/shotgun-ammo-box-964f780f87d34d54890f9de94792fd01","CC Attribution","http://creativecommons.org/licenses/by/4.0/","Author must be credited. Commercial use is allowed. Keep title/source/license and identify modifications.","2026-09-29T10:13:21.5116579Z","2732","true","Assets/ThirdParty/ApprovedProps/AM3/Models/AM3.fbx","Assets/ThirdParty/ApprovedProps/AM3/ (PROPOSED_ONLY)","Approved visual","STAGED_LOCAL_CHECKS_PASS","6 Bucky caches; source 45 clamped to 40 or source 30 retained; support and gates verified in place.","C:/Users/hieud/Downloads/shotgun-ammo-box.zip","52135868","C91BADF2778DDD6DB4BC675478A2D68FEB6E377BE78702778017B75DF4CBD39C","FBX","source/Shotgun Ammo Box.fbx","2026-09-29T17:02:18Z"
"AM4","Sniper Ammo Box (Game-ready)","jsandwich96","https://sketchfab.com/3d-models/sniper-ammo-box-game-ready-5338de8c47ea4f68aa40dd51602a2b53","CC Attribution","http://creativecommons.org/licenses/by/4.0/","Author must be credited. Commercial use is allowed. Keep title/source/license and identify modifications.","2026-09-29T10:13:21.8663758Z","6000","true","Assets/ThirdParty/ApprovedProps/AM4/Models/AM4.fbx","Assets/ThirdParty/ApprovedProps/AM4/ (PROPOSED_ONLY)","Approved visual","STAGED_LOCAL_CHECKS_PASS","3 Operator caches; amount 10; support and gates verified in place.","C:/Users/hieud/Downloads/sniper-ammo-box-game-ready.zip","32060284","2353B1563DAE9907D6AE8CDEE4833EA977E6E477FB6CE07626A463CE1A05BD8F","FBX","source/Sniper Ammo Box.fbx","2026-09-29T17:02:18Z"
"AM5","Ammunition Box","Darren McNerney 3D","https://sketchfab.com/3d-models/ammunition-box-17898b0b68114516b704d0aabc9d2142","CC Attribution","http://creativecommons.org/licenses/by/4.0/","Author must be credited. Commercial use is allowed. Keep title/source/license and identify modifications.","2026-09-29T10:13:22.2739809Z","7492","true","Assets/ThirdParty/ApprovedProps/AM5/Models/AM5.fbx","Assets/ThirdParty/ApprovedProps/AM5/ (PROPOSED_ONLY)","Approved visual","STAGED_LOCAL_CHECKS_PASS","3 Odin caches; amount 30; selected closed-box parts only. Imported count excludes 8 zero-area triangles.","C:/Users/hieud/Downloads/ammunition-box.zip","4102130","1774098743EE768ADE38D1DBE8C28683B1161B83E4F0F3C9A4F83C663ADEAE21","FBX","source/005_AmmunitionBox_FinalRenderTest.fbx","2026-09-29T17:02:18Z"
"K2","Keycard","nuFF3","https://sketchfab.com/3d-models/keycard-a0033bf027364417a7777d98d03980e1","CC Attribution","http://creativecommons.org/licenses/by/4.0/","Author must be credited. Commercial use is allowed. Keep title/source/license and identify modifications.","2026-09-29T10:13:22.4717937Z","38","true","Assets/ThirdParty/ApprovedProps/K2/Models/K2.fbx","Assets/ThirdParty/ApprovedProps/K2/ (PROPOSED_ONLY)","Approved visual only","IMPORTED_REVIEW_PENDING","AsylumTransfer card; grant/consume stays objective-authoritative. Source FBX archive verified; imported into the organized ApprovedProps folder; scene placement/replacement is not performed in this pass.","C:/Users/hieud/Downloads/keycard.zip","2513182","1AF53259ECDD5E15BA2368F49B25FECC26568A7DB03C83319C47C0CDC862D372","FBX","source/117a8266e3e74e7d9539f0fd2b5f306d.zip.zip!/Card_Model/Card_model.fbx","2026-09-29T17:02:18Z"
"R1","Military Radio","curichenkow","https://sketchfab.com/3d-models/military-radio-f5c8f0420f054b32a2e977fbcd248d84","CC Attribution","http://creativecommons.org/licenses/by/4.0/","Author must be credited. Commercial use is allowed. Keep title/source/license and identify modifications.","2026-09-29T10:13:22.6051817Z","28807","true","Assets/ThirdParty/ApprovedProps/R1/Models/R1.fbx","Assets/ThirdParty/ApprovedProps/R1/ (PROPOSED_ONLY)","Approved visual","STAGED_LOCAL_CHECKS_PASS_PARTIAL_SCOPE","LabTransmit radio physically supported at y=-17.354 with local-space collider fit. Factory radio is not claimed updated by this pass.","C:/Users/hieud/Downloads/military-radio.zip","51048774","8436E90594DE9E18B538A6C0BE58F91C4A0DC844A054A03C9EF6959190063027","FBX","source/radio.fbx","2026-09-29T17:02:18Z"
"K1","Fuse 3d model","AliA Animations","https://sketchfab.com/3d-models/fuse-3d-model-d2ed4a3206c1497ba9634adff36d24a0","CC Attribution","http://creativecommons.org/licenses/by/4.0/","Author must be credited. Commercial use is allowed. Keep title/source/license and identify modifications.","2026-09-29T10:13:22.7297947Z","126296","true","Assets/ThirdParty/ApprovedProps/K1/Models/K1.fbx","Assets/ThirdParty/ApprovedProps/K1/ (PROPOSED_ONLY)","Approved optimized derivative","STAGED_LOCAL_CHECKS_PASS","K1_LOD.fbx: 5682 triangles versus 126296 source; approx 0.018 percent bounds error. AsylumFuse on existing metal case; runtime acceptance pending.","C:/Users/hieud/Downloads/fuse-3d-model.zip","9426760","A716A6B16CB36716210DBBE48FF2DB7C3EF3342DD7FDF4F7CAF102B1AC8D5D76","BLEND","source/fuse.blend","2026-09-29T17:02:18Z"
"LAB-C1","Lab Shelf & Utility Cart | Virus Laboratory","Naked Singularity Studio","https://sketchfab.com/3d-models/lab-shelf-utility-cart-virus-laboratory-f0a63ba527db45be91b5520ae4470dbd","CC Attribution","http://creativecommons.org/licenses/by/4.0/","Author must be credited. Commercial use is allowed. Keep title/source/license and identify modifications.","2026-09-29T10:13:22.8574011Z","5264","true","Assets/ThirdParty/ApprovedProps/LAB_C1/Models/LAB_C1.fbx","Assets/ThirdParty/ApprovedProps/LAB_C1/ (PROPOSED_ONLY)","Approved for 2 LabCart + 3 TransferTrolley","STAGED_LOCAL_CHECKS_PASS","Selected original pCube26 utility-cart mesh. Five replacements; original roots retained; inactive legacy; support/layer/material and formal EditMode tests pass. Final gameplay acceptance pending.","C:/Users/hieud/Downloads/lab-shelf-utility-cart-virus-laboratory.zip","22254271","614999EAE6E43DEE6471DB632E7A25BD78CCAC53BFD7D85DCFA4088C5BD4F614","FBX","source/SF_LafShelf_and_utilityCart_NakedSingularity.zip!/Lab shelf + utility cart.zip!/Utility_cart/SM_Utility_cart.fbx | source/SF_LafShelf_and_utilityCart_NakedSingularity.zip!/Lab shelf + utility cart.zip!/Lab_shelf/SM_lab_shelf_01.fbx | source/SF_LafShelf_and_utilityCart_NakedSingularity.zip!/SF_LabShelf_and_utilityCart_NakedSingularity.fbx","2026-09-29T17:02:18Z"
"LAB-C2","FUME CUPBOARDS","NightCandle","https://sketchfab.com/3d-models/fume-cupboards-c709d5d4ecea4f92bdfb51a0a18ec16f","CC Attribution-NonCommercial","http://creativecommons.org/licenses/by-nc/4.0/","Author must be credited. No commercial use. Keep title/source/license and identify modifications.","2026-09-29T10:13:22.9802920Z","3569","true","Assets/ThirdParty/ApprovedProps/LAB_C2/Models/LAB_C2.fbx","Assets/ThirdParty/ApprovedProps/LAB_C2/ (PROPOSED_ONLY)","Approved bench/fume-cupboard family","STAGED_LOCAL_CHECKS_PASS","2 FumeHoods uniformly fit within old footprint, fronts reachable, sourced mesh colliders. CC BY-NC only; no commercial use.","C:/Users/hieud/Downloads/fume-cupboards.zip","3343353","E0717F1D8EFDBB97BAA85D2120631037A07C47A7186F3207A0B966B65783B802","GLB","source/FUME CUPBOARDS.glb","2026-09-29T17:02:18Z"
"LAB-C3","Lab","NightCandle","https://sketchfab.com/3d-models/lab-7e0ccf8b9a2f4f08a7f69c26a4781ed1","CC Attribution-NonCommercial","http://creativecommons.org/licenses/by-nc/4.0/","Author must be credited. No commercial use. Keep title/source/license and identify modifications.","2026-09-29T10:13:23.1050687Z","201164","true","Assets/ThirdParty/ApprovedProps/LAB_C3/Models/LAB_C3.fbx","Assets/ThirdParty/ApprovedProps/LAB_C3/ (PROPOSED_ONLY)","Approved workbench family only","STAGED_LOCAL_CHECKS_PASS_PARTIAL_SET","7 LabBench + 9 ControlDesk tables + 9 supply tables. Selected worktop/cupboards only; full export omits 20 Icospheres and has 2 default-material pipe pieces excluded from derivative. CC BY-NC only.","C:/Users/hieud/Downloads/lab.zip","21476626","61103E2DF79A06E26A42EC69D877FA62EED9BEC529338BA4E0A6745D14589764","GLB","source/lab.glb","2026-09-29T17:02:18Z"
"LAB-C4","lab bench","Konstantin_Keller","https://sketchfab.com/3d-models/lab-bench-1ac2a62c52a848bbaf746146dc7253f8","CC Attribution","http://creativecommons.org/licenses/by/4.0/","Author must be credited. Commercial use is allowed. Keep title/source/license and identify modifications.","2026-09-29T10:13:23.3031799Z","54480","true","Assets/ThirdParty/ApprovedProps/LAB_C4/Models/LAB_C4.fbx","Assets/ThirdParty/ApprovedProps/LAB_C4/ (PROPOSED_ONLY)","Pending visual approval","IMPORTED_CANDIDATE_REVIEW_PENDING","Unapproved alternative; 54480 triangles for whole set; scale/palette not established. Source BLEND archive verified; imported into the organized ApprovedProps folder; scene placement/replacement is not performed in this pass.","C:/Users/hieud/Downloads/lab-bench.zip","2067998","18F5E703DBB2426C109B01725D17051903A8ED268BFE284FDC94392D0AFE617E","BLEND","source/szene5_pastell&schatten.blend","2026-09-29T17:02:18Z"
"K3","EvidenceCase","Robert Ryszard Paciorek","https://github.com/dragons-labs/BlenderAssets","MIT","Assets/ThirdParty/ApprovedProps/RPaciorekHardCases/LICENSE.txt","Retain copyright and MIT permission notice with copies/substantial portions.","2026-09-29","","true","Assets/ThirdParty/ApprovedProps/RPaciorekHardCases/EvidenceCase.fbx","","Previously approved","EXISTING_REVALIDATION_PENDING","Actual download source is GitHub MIT; do not substitute Sketchfab CC BY listing as the downloaded source. 2 instances; placement-only read checks do not replace tests.","","","","","",""
"S2","EquipmentCase","Robert Ryszard Paciorek","https://github.com/dragons-labs/BlenderAssets","MIT","Assets/ThirdParty/ApprovedProps/RPaciorekHardCases/LICENSE.txt","Retain copyright and MIT permission notice with copies/substantial portions.","2026-09-29","","true","Assets/ThirdParty/ApprovedProps/RPaciorekHardCases/EquipmentCase.fbx","","Approved for 20 TransitCase; existing supply case provenance retained","STAGED_LOCAL_CHECKS_PASS","20 active TransitHardCase replacements; 27 old supply case visuals retained inactive. 100 stack-support probes and formal cart/case test pass. No active SupplyWorktop.","","","","","",""
"MICROSCOPE","Omax compound microscope","3Donimus","https://poly.pizza/m/dcuaH6bEkwn","CC BY 3.0","https://creativecommons.org/licenses/by/3.0/legalcode","Credit creator/model/source/license and adaptations in third-party notices.","2026-09-29","","true","Assets/FPS/Features/World/Content/ExperimentFacility/Models/LabEquipment/OmaxMicroscope.fbx","","Existing sourced asset; excluded from replacement","REPAIRED_IMPORT_VISUAL_REVIEW_PENDING","Failing UV2 generation disabled; original source unchanged. Imported mesh 57457 vertices, four visible nonzero-bounds instances. Formal nonempty-mesh regression passes; final visual acceptance pending.","","","","","",""
"SUPPLIED","User-supplied Unity assets","Original creators not individually identified","E:/ProjectSettings/Assets/","User asserts permission for this private educational project","","Retain original provenance; this assertion is not a general redistribution license.","2026-09-29","","","E:/ProjectSettings/Assets/ (EXTERNAL_SOURCE_NOT_CURRENT_IMPORT)","","Folder permitted; no matched approved replacement selected","DEPENDENCY_AND_VISUAL_REVIEW_PENDING","Contains Unity mesh assets/prefabs/textures; absence of FBX/GLB does not mean absence of 3D models. No exact approved model match established.","","","","","",""
"LAB-CABINET","Laboratory Cabinet Storage | PBR Low poly | FREE","Naked Singularity Studio","https://sketchfab.com/3d-models/laboratory-cabinet-storage-pbr-low-poly-free-6c5d3bde09dd4f55ad973d8429441190","CC BY 4.0","https://creativecommons.org/licenses/by/4.0/","Credit creator, title, source and license; identify adaptations.","2026-10-01 (exact time not recorded)","576","true","Assets/ThirdParty/ApprovedProps/LAB_Cabinet/Models/LAB_Cabinet.fbx","","Approved for 9 ReagentCabinet; batch and save user-confirmed","SAVED_EDITMODE_PASS_PENDING_RUNTIME","9 ReagentCabinet saved. Original FBX with PBR metal/glass. NoAI designation retained: no training/dataset/generative use. Final-batch targeted EditMode tests 12 of 12 pass; runtime/full visual acceptance pending.","C:/Users/hieud/Downloads/laboratory-cabinet-storage-pbr-low-poly-free.zip","29468488","D565A4E27071C63FD27703243216910E9A46672F93FAA7D8941D5C3CCA23D0E6","FBX","See SOURCE.md and retained archive","2026-10-01 (exact time not recorded)"
"LAB-RACK","Server Rack","Spellkaze","https://sketchfab.com/3d-models/server-rack-62f6779cb7e448b19aaf58544c3c7218","CC BY 4.0","https://creativecommons.org/licenses/by/4.0/","Credit creator, title, source and license; identify adaptations.","2026-10-01 (exact time not recorded)","744","true","Assets/ThirdParty/ApprovedProps/LAB_Rack/Models/LAB_Rack.dae","","Approved for 7 ServerRack; batch and save user-confirmed","SAVED_EDITMODE_PASS_PENDING_RUNTIME","7 ServerRack saved. Original DAE; PBR material remapped. Final-batch targeted EditMode tests 12 of 12 pass; runtime/full visual acceptance pending.","C:/Users/hieud/Downloads/server-rack.zip","12422647","7E8D46328287BC9450907C0C93B9BD178C53D3FDAC34AAE00F7D4C589FF12757","DAE","See SOURCE.md and retained archive","2026-10-01 (exact time not recorded)"
"LAB-STOOL","School / Medical Stool","conndavis20","https://sketchfab.com/3d-models/school-medical-stool-1d73f00319d14d21a4f4e8bfe4c27fce","CC BY 4.0","https://creativecommons.org/licenses/by/4.0/","Credit creator, title, source and license; identify adaptations.","2026-10-01 (exact time not recorded)","14500 (listing rounded)","true","Assets/ThirdParty/ApprovedProps/LAB_Stool/Models/LAB_Stool.fbx","","Approved for 1 LabStool; batch and save user-confirmed","SAVED_EDITMODE_PASS_PENDING_RUNTIME","1 LabStool saved. FBX source axes/proportions retained. Final-batch targeted EditMode tests 12 of 12 pass; occluded screenshot requires further visual QA; runtime acceptance pending.","C:/Users/hieud/Downloads/school-medical-stool.zip","82968242","4BCE55D9AD0E6975994C25CB5A8165EC04F67191F18BCDD9CF3237A0BC3B423E","FBX","See SOURCE.md and retained archive","2026-10-01 (exact time not recorded)"
"LAB-CHAMBER","cryo chamber","Dominic Baker (@Domuk)","https://sketchfab.com/3d-models/cryo-chamber-999a376d03434c5bafc5fa97136bdf9a","CC BY 4.0","https://creativecommons.org/licenses/by/4.0/","Credit creator, title, source and license; identify adaptations.","2026-10-01 (exact time not recorded)","3000 (approx)","true","Assets/ThirdParty/ApprovedProps/LAB_Chamber/Models/LAB_Chamber.fbx","","Rejected candidate","REJECTED_VISUAL_OR_PLACEMENT","Candidate rejected: stylized palette and 15 self-intersecting polygon import warnings. No scene use. New cryopod candidate tracked separately.","C:/Users/hieud/Downloads/cryo-chamber.zip","89451","A4B36557443217425164C03811E1D979B8ABF531CD02401033C3CAA79BEB281A","FBX","See SOURCE.md and retained archive","2026-10-01 (exact time not recorded)"
"LAB-CENTRIFUGE","DIYbio Centrifuge","ProgressTH","https://sketchfab.com/3d-models/diybio-centrifuge-14786b5039a245a0aa4f9bddb294b90e","CC BY 4.0","https://creativecommons.org/licenses/by/4.0/","Credit creator, title, source and license; identify adaptations.","2026-10-01 (exact time not recorded)","37694 (Unity total)","true","Assets/ThirdParty/ApprovedProps/LAB_Centrifuge/Models/LAB_Centrifuge.dae","","Approved open configuration for 3 Centrifuge; batch and save user-confirmed","SAVED_EDITMODE_PASS_PENDING_RUNTIME","3 Centrifuge saved. Open instance_0 selected; source mesh combined by material from 164 to 5 renderers with 18847 triangles retained. Original source retained. Final-batch targeted EditMode tests 12 of 12 pass; runtime/full visual acceptance pending.","C:/Users/hieud/Downloads/diybio-centrifuge.zip","488456","FAA381A5C2F86E9309760CE1B9DCA6696364AA4297E13828DEF2C38D124CA66B","DAE","source/6ace26c23a4847da84eff179bd16b1fc.zip.zip!/temp_export.dae","2026-10-01 (exact time not recorded)"
"LAB-FRIDGE","Medical Fridge Open","KurtSteiner","https://sketchfab.com/3d-models/medical-fridge-open-f9765c33a44c42caab45e013ea137e1d","CC BY 4.0","https://creativecommons.org/licenses/by/4.0/","Credit creator, title, source and license; identify adaptations.","2026-10-01 (exact time not recorded)","226","true","Assets/ThirdParty/ApprovedProps/LAB_Fridge/Models/LAB_Fridge.obj","","Pending role/visual approval","BLOCKED_TECHNICAL","Compact open-door model: 0.97 x 0.90 x 1.67 m normalized preview; unsuitable tall ColdStorage footprint without review. Native axis correct; Standard PBR remapped. Not placed.","C:/Users/hieud/Downloads/medical-fridge-open.zip","3546873","3FBA5C65A68D195AFFDD137D1E1A3764BBEEE6B647E2AE30CD6033F748DE40C9","OBJ","source/SM_Med_Fridge_Open.obj","2026-10-01 (exact time not recorded)"
"LAB-CRYOPOD","Sci-fi Cryopod","moneii2706","https://sketchfab.com/3d-models/sci-fi-cryopod-a613f8ffcaf342c8b843aa0fbbe59600","CC BY 4.0","https://creativecommons.org/licenses/by/4.0/","Credit creator, title, source and license; identify adaptations.","2026-10-01 (exact time not recorded)","99794","true","Assets/ThirdParty/ApprovedProps/LAB_Cryopod/Models/LAB_Cryopod.fbx","","Approved for 1 SpecimenChamber; batch and save user-confirmed","SAVED_EDITMODE_PASS_PENDING_RUNTIME","1 SpecimenChamber saved using Models/LAB_Cryopod_LOD.fbx, 29927 triangles versus source 99794; about 0.005 percent relative bounds error. Original retained. Final-batch targeted EditMode tests 12 of 12 pass; runtime/full visual acceptance pending.","C:/Users/hieud/Downloads/sci-fi-cryopod.zip","3132128","42207B5A9ED30C0C3C33187FED658269743F5F79A7A066E91D357FC93C668099","GLB","source/cryopod.glb","2026-10-01 (exact time not recorded)"
