"supplyId","originalPath","componentGlobalObjectId","chapter","existingReward","existingMedicineOnly","existingChooseReward","existingMinimumPartySize","existingAmmoField","existingAmmoWeapon","plannedAsset","plannedWeapon","plannedEffectiveAmmo","plannedMinimumPartySize","baselineSupportSurface","baselineVerticalGapMeters","baselineCenterOutsideBench","status","remainingChecks"
"Asylum_0_0","CampaignWorld/Asylum/CampaignSupplies/FiniteSupply","GlobalObjectId_V1-2-9fc0d4010bbf28b4594072e72b8655ab-2142404505-0","Asylum","Ammo","false","false","1","30","","AM1","Classic","24","1","CampaignWorld/Asylum/CampaignSupplies/SupplyBench_Asylum_0/Worktop","0.000","False","BLOCKED_MISSING_ASSET","PLANNED_ONLY; no scene assignment applied; imported bounds/support/LOS/legacy/runtime/net tests pending"
"Asylum_0_1","CampaignWorld/Asylum/CampaignSupplies/FiniteSupply","GlobalObjectId_V1-2-9fc0d4010bbf28b4594072e72b8655ab-1547754554-0","Asylum","Ammo","false","false","2","30","","AM4","Operator","10","2","CampaignWorld/Asylum/CampaignSupplies/SupplyBench_Asylum_0/Worktop","0.000","False","BLOCKED_MISSING_ASSET","PLANNED_ONLY; no scene assignment applied; imported bounds/support/LOS/legacy/runtime/net tests pending"
"Asylum_0_2","CampaignWorld/Asylum/CampaignSupplies/FiniteSupply","GlobalObjectId_V1-2-9fc0d4010bbf28b4594072e72b8655ab-1808078775-0","Asylum","Ammo","false","false","4","30","","AM2","Vandal","30","4","CampaignWorld/Asylum/CampaignSupplies/SupplyBench_Asylum_0/Worktop","0.000","False","BLOCKED_MISSING_ASSET","PLANNED_ONLY; no scene assignment applied; imported bounds/support/LOS/legacy/runtime/net tests pending"
"Asylum_0_3","CampaignWorld/Asylum/CampaignSupplies/FiniteSupply","GlobalObjectId_V1-2-9fc0d4010bbf28b4594072e72b8655ab-443670165-0","Asylum","Ammo","true","false","1","30","","M1-S1","","","1","CampaignWorld/Asylum/CampaignSupplies/SupplyBench_Asylum_0/Worktop","0.000","False","BLOCKED_MISSING_ASSET","PLANNED_ONLY; no scene assignment applied; imported bounds/support/LOS/legacy/runtime/net tests pending"
"Asylum_1_0","CampaignWorld/Asylum/CampaignSupplies/FiniteSupply","GlobalObjectId_V1-2-9fc0d4010bbf28b4594072e72b8655ab-933361497-0","Asylum","Ammo","false","false","1","30","","AM2","Vandal","30","1","CampaignWorld/Asylum/CampaignSupplies/SupplyBench_Asylum_1/Worktop","0.000","False","BLOCKED_MISSING_ASSET","PLANNED_ONLY; no scene assignment applied; imported bounds/support/LOS/legacy/runtime/net tests pending"
"Asylum_1_1","CampaignWorld/Asylum/CampaignSupplies/FiniteSupply","GlobalObjectId_V1-2-9fc0d4010bbf28b4594072e72b8655ab-168366763-0","Asylum","Ammo","false","false","2","30","","AM5","Odin","30","2","CampaignWorld/Asylum/CampaignSupplies/SupplyBench_Asylum_1/Worktop","0.000","False","BLOCKED_MISSING_ASSET","PLANNED_ONLY; no scene assignment applied; imported bounds/support/LOS/legacy/runtime/net tests pending"
"Asylum_1_2","CampaignWorld/Asylum/CampaignSupplies/FiniteSupply","GlobalObjectId_V1-2-9fc0d4010bbf28b4594072e72b8655ab-417623772-0","Asylum","Ammo","false","false","4","30","","AM3","Bucky","30","4","CampaignWorld/Asylum/CampaignSupplies/SupplyBench_Asylum_1/Worktop","0.000","False","BLOCKED_MISSING_ASSET","PLANNED_ONLY; no scene assignment applied; imported bounds/support/LOS/legacy/runtime/net tests pending"
"Asylum_1_3","CampaignWorld/Asylum/CampaignSupplies/FiniteSupply","GlobalObjectId_V1-2-9fc0d4010bbf28b4594072e72b8655ab-831874858-0","Asylum","Ammo","true","false","1","30","","M1-S1","","","1","CampaignWorld/Asylum/CampaignSupplies/SupplyBench_Asylum_1/Worktop","0.000","False","BLOCKED_MISSING_ASSET","PLANNED_ONLY; no scene assignment applied; imported bounds/support/LOS/legacy/runtime/net tests pending"
"Asylum_2_0","CampaignWorld/Asylum/CampaignSupplies/FiniteSupply","GlobalObjectId_V1-2-9fc0d4010bbf28b4594072e72b8655ab-1598757761-0","Asylum","Ammo","false","false","1","45","","AM3","Bucky","40","1","CampaignWorld/Asylum/CampaignSupplies/SupplyBench_Asylum_2/Worktop","0.000","False","BLOCKED_MISSING_ASSET","PLANNED_ONLY; no scene assignment applied; imported bounds/support/LOS/legacy/runtime/net tests pending"
"Asylum_2_1","CampaignWorld/Asylum/CampaignSupplies/FiniteSupply","GlobalObjectId_V1-2-9fc0d4010bbf28b4594072e72b8655ab-1062071993-0","Asylum","Ammo","false","false","2","45","","AM1","Classic","24","2","CampaignWorld/Asylum/CampaignSupplies/SupplyBench_Asylum_2/Worktop","0.000","False","BLOCKED_MISSING_ASSET","PLANNED_ONLY; no scene assignment applied; imported bounds/support/LOS/legacy/runtime/net tests pending"
"Asylum_2_2","CampaignWorld/Asylum/CampaignSupplies/FiniteSupply","GlobalObjectId_V1-2-9fc0d4010bbf28b4594072e72b8655ab-1832060857-0","Asylum","Ammo","false","false","4","45","","AM1","Classic","24","4","CampaignWorld/Asylum/CampaignSupplies/SupplyBench_Asylum_2/Worktop","0.000","False","BLOCKED_MISSING_ASSET","PLANNED_ONLY; no scene assignment applied; imported bounds/support/LOS/legacy/runtime/net tests pending"
"Asylum_2_3","CampaignWorld/Asylum/CampaignSupplies/FiniteSupply","GlobalObjectId_V1-2-9fc0d4010bbf28b4594072e72b8655ab-1742467381-0","Asylum","Ammo","true","false","1","45","","M1-S1","","","1","CampaignWorld/Asylum/CampaignSupplies/SupplyBench_Asylum_2/Worktop","0.000","False","BLOCKED_MISSING_ASSET","PLANNED_ONLY; no scene assignment applied; imported bounds/support/LOS/legacy/runtime/net tests pending"
"Factory_0_0","CampaignWorld/Factory/Map_v2/CampaignSupplies/FiniteSupply","GlobalObjectId_V1-2-9fc0d4010bbf28b4594072e72b8655ab-1013124849-0","Factory","Ammo","false","false","1","30","","AM1","Classic","24","1","CampaignWorld/Factory/Map_v2/CampaignSupplies/SupplyBench_Factory_0/Worktop","0.000","False","BLOCKED_MISSING_ASSET","PLANNED_ONLY; no scene assignment applied; imported bounds/support/LOS/legacy/runtime/net tests pending"
"Factory_0_1","CampaignWorld/Factory/Map_v2/CampaignSupplies/FiniteSupply","GlobalObjectId_V1-2-9fc0d4010bbf28b4594072e72b8655ab-732299305-0","Factory","Ammo","false","false","2","30","","AM4","Operator","10","2","CampaignWorld/Factory/Map_v2/CampaignSupplies/SupplyBench_Factory_0/Worktop","0.000","False","BLOCKED_MISSING_ASSET","PLANNED_ONLY; no scene assignment applied; imported bounds/support/LOS/legacy/runtime/net tests pending"
"Factory_0_2","CampaignWorld/Factory/Map_v2/CampaignSupplies/FiniteSupply","GlobalObjectId_V1-2-9fc0d4010bbf28b4594072e72b8655ab-1774252802-0","Factory","Ammo","false","false","4","30","","AM2","Vandal","30","4","CampaignWorld/Factory/Map_v2/CampaignSupplies/SupplyBench_Factory_0/Worktop","0.000","False","BLOCKED_MISSING_ASSET","PLANNED_ONLY; no scene assignment applied; imported bounds/support/LOS/legacy/runtime/net tests pending"
"Factory_0_3","CampaignWorld/Factory/Map_v2/CampaignSupplies/FiniteSupply","GlobalObjectId_V1-2-9fc0d4010bbf28b4594072e72b8655ab-980539378-0","Factory","Ammo","true","false","1","30","","M1-S1","","","1","CampaignWorld/Factory/Map_v2/CampaignSupplies/SupplyBench_Factory_0/Worktop","0.000","False","BLOCKED_MISSING_ASSET","PLANNED_ONLY; no scene assignment applied; imported bounds/support/LOS/legacy/runtime/net tests pending"
"Factory_1_0","CampaignWorld/Factory/Map_v2/CampaignSupplies/FiniteSupply","GlobalObjectId_V1-2-9fc0d4010bbf28b4594072e72b8655ab-500902771-0","Factory","Ammo","false","false","1","30","","AM2","Vandal","30","1","CampaignWorld/Factory/Map_v2/CampaignSupplies/SupplyBench_Factory_1/Worktop","0.000","False","BLOCKED_MISSING_ASSET","PLANNED_ONLY; no scene assignment applied; imported bounds/support/LOS/legacy/runtime/net tests pending"
"Factory_1_1","CampaignWorld/Factory/Map_v2/CampaignSupplies/FiniteSupply","GlobalObjectId_V1-2-9fc0d4010bbf28b4594072e72b8655ab-1056426385-0","Factory","Ammo","false","false","2","30","","AM5","Odin","30","2","CampaignWorld/Factory/Map_v2/CampaignSupplies/SupplyBench_Factory_1/Worktop","0.000","False","BLOCKED_MISSING_ASSET","PLANNED_ONLY; no scene assignment applied; imported bounds/support/LOS/legacy/runtime/net tests pending"
"Factory_1_2","CampaignWorld/Factory/Map_v2/CampaignSupplies/FiniteSupply","GlobalObjectId_V1-2-9fc0d4010bbf28b4594072e72b8655ab-1350270852-0","Factory","Ammo","false","false","4","30","","AM3","Bucky","30","4","CampaignWorld/Factory/Map_v2/CampaignSupplies/SupplyBench_Factory_1/Worktop","0.000","False","BLOCKED_MISSING_ASSET","PLANNED_ONLY; no scene assignment applied; imported bounds/support/LOS/legacy/runtime/net tests pending"
"Factory_1_3","CampaignWorld/Factory/Map_v2/CampaignSupplies/FiniteSupply","GlobalObjectId_V1-2-9fc0d4010bbf28b4594072e72b8655ab-705980185-0","Factory","Ammo","true","false","1","30","","M1-S1","","","1","CampaignWorld/Factory/Map_v2/CampaignSupplies/SupplyBench_Factory_1/Worktop","0.000","False","BLOCKED_MISSING_ASSET","PLANNED_ONLY; no scene assignment applied; imported bounds/support/LOS/legacy/runtime/net tests pending"
"Factory_2_0","CampaignWorld/Factory/Map_v2/CampaignSupplies/FiniteSupply","GlobalObjectId_V1-2-9fc0d4010bbf28b4594072e72b8655ab-1265777910-0","Factory","Ammo","false","false","1","45","","AM3","Bucky","40","1","CampaignWorld/Factory/Map_v2/CampaignSupplies/SupplyBench_Factory_2/Worktop","0.000","False","BLOCKED_MISSING_ASSET","PLANNED_ONLY; no scene assignment applied; imported bounds/support/LOS/legacy/runtime/net tests pending"
"Factory_2_1","CampaignWorld/Factory/Map_v2/CampaignSupplies/FiniteSupply","GlobalObjectId_V1-2-9fc0d4010bbf28b4594072e72b8655ab-280709802-0","Factory","Ammo","false","false","2","45","","AM1","Classic","24","2","CampaignWorld/Factory/Map_v2/CampaignSupplies/SupplyBench_Factory_2/Worktop","0.000","False","BLOCKED_MISSING_ASSET","PLANNED_ONLY; no scene assignment applied; imported bounds/support/LOS/legacy/runtime/net tests pending"
"Factory_2_2","CampaignWorld/Factory/Map_v2/CampaignSupplies/FiniteSupply","GlobalObjectId_V1-2-9fc0d4010bbf28b4594072e72b8655ab-1834774922-0","Factory","Ammo","false","false","4","45","","AM1","Classic","24","4","CampaignWorld/Factory/Map_v2/CampaignSupplies/SupplyBench_Factory_2/Worktop","0.000","False","BLOCKED_MISSING_ASSET","PLANNED_ONLY; no scene assignment applied; imported bounds/support/LOS/legacy/runtime/net tests pending"
"Factory_2_3","CampaignWorld/Factory/Map_v2/CampaignSupplies/FiniteSupply","GlobalObjectId_V1-2-9fc0d4010bbf28b4594072e72b8655ab-973224982-0","Factory","Ammo","true","false","1","45","","M1-S1","","","1","CampaignWorld/Factory/Map_v2/CampaignSupplies/SupplyBench_Factory_2/Worktop","0.000","False","BLOCKED_MISSING_ASSET","PLANNED_ONLY; no scene assignment applied; imported bounds/support/LOS/legacy/runtime/net tests pending"
"Laboratory_0_0","CampaignWorld/Laboratory/CampaignSupplies/FiniteSupply","GlobalObjectId_V1-2-9fc0d4010bbf28b4594072e72b8655ab-1562169762-0","Laboratory","Ammo","false","false","1","30","","AM1","Classic","24","1","CampaignWorld/Laboratory/CampaignSupplies/SupplyBench_Laboratory_0/Worktop","0.000","False","BLOCKED_MISSING_ASSET","PLANNED_ONLY; no scene assignment applied; imported bounds/support/LOS/legacy/runtime/net tests pending"
"Laboratory_0_1","CampaignWorld/Laboratory/CampaignSupplies/FiniteSupply","GlobalObjectId_V1-2-9fc0d4010bbf28b4594072e72b8655ab-1651482522-0","Laboratory","Ammo","false","false","2","30","","AM4","Operator","10","2","CampaignWorld/Laboratory/CampaignSupplies/SupplyBench_Laboratory_0/Worktop","0.000","False","BLOCKED_MISSING_ASSET","PLANNED_ONLY; no scene assignment applied; imported bounds/support/LOS/legacy/runtime/net tests pending"
"Laboratory_0_2","CampaignWorld/Laboratory/CampaignSupplies/FiniteSupply","GlobalObjectId_V1-2-9fc0d4010bbf28b4594072e72b8655ab-493254243-0","Laboratory","Ammo","false","false","4","30","","AM2","Vandal","30","4","CampaignWorld/Laboratory/CampaignSupplies/SupplyBench_Laboratory_0/Worktop","0.000","False","BLOCKED_MISSING_ASSET","PLANNED_ONLY; no scene assignment applied; imported bounds/support/LOS/legacy/runtime/net tests pending"
"Laboratory_0_3","CampaignWorld/Laboratory/CampaignSupplies/FiniteSupply","GlobalObjectId_V1-2-9fc0d4010bbf28b4594072e72b8655ab-1365083431-0","Laboratory","Ammo","true","false","1","30","","M1-S1","","","1","CampaignWorld/Laboratory/CampaignSupplies/SupplyBench_Laboratory_0/Worktop","0.000","False","BLOCKED_MISSING_ASSET","PLANNED_ONLY; no scene assignment applied; imported bounds/support/LOS/legacy/runtime/net tests pending"
"Laboratory_1_0","CampaignWorld/Laboratory/CampaignSupplies/FiniteSupply","GlobalObjectId_V1-2-9fc0d4010bbf28b4594072e72b8655ab-2146817327-0","Laboratory","Ammo","false","true","1","30","","AM2","Vandal","30","1","CampaignWorld/Laboratory/CampaignSupplies/SupplyBench_Laboratory_1/Worktop","0.000","False","BLOCKED_MISSING_ASSET","PLANNED_ONLY; no scene assignment applied; imported bounds/support/LOS/legacy/runtime/net tests pending; preserve medicine alternative"
"Laboratory_1_1","CampaignWorld/Laboratory/CampaignSupplies/FiniteSupply","GlobalObjectId_V1-2-9fc0d4010bbf28b4594072e72b8655ab-109386798-0","Laboratory","Ammo","false","false","2","30","","AM5","Odin","30","2","CampaignWorld/Laboratory/CampaignSupplies/SupplyBench_Laboratory_1/Worktop","0.000","False","BLOCKED_MISSING_ASSET","PLANNED_ONLY; no scene assignment applied; imported bounds/support/LOS/legacy/runtime/net tests pending"
"Laboratory_1_2","CampaignWorld/Laboratory/CampaignSupplies/FiniteSupply","GlobalObjectId_V1-2-9fc0d4010bbf28b4594072e72b8655ab-1926938146-0","Laboratory","Ammo","false","false","4","30","","AM3","Bucky","30","4","CampaignWorld/Laboratory/CampaignSupplies/SupplyBench_Laboratory_1/Worktop","0.000","False","BLOCKED_MISSING_ASSET","PLANNED_ONLY; no scene assignment applied; imported bounds/support/LOS/legacy/runtime/net tests pending"
"Laboratory_1_3","CampaignWorld/Laboratory/CampaignSupplies/FiniteSupply","GlobalObjectId_V1-2-9fc0d4010bbf28b4594072e72b8655ab-883397493-0","Laboratory","Ammo","true","false","1","30","","M1-S1","","","1","CampaignWorld/Laboratory/CampaignSupplies/SupplyBench_Laboratory_1/Worktop","0.000","False","BLOCKED_MISSING_ASSET","PLANNED_ONLY; no scene assignment applied; imported bounds/support/LOS/legacy/runtime/net tests pending"
"Laboratory_2_0","CampaignWorld/Laboratory/CampaignSupplies/FiniteSupply","GlobalObjectId_V1-2-9fc0d4010bbf28b4594072e72b8655ab-1757660318-0","Laboratory","Ammo","false","false","1","45","","AM3","Bucky","40","1","CampaignWorld/Laboratory/CampaignSupplies/SupplyBench_Laboratory_2/Worktop","0.000","False","BLOCKED_MISSING_ASSET","PLANNED_ONLY; no scene assignment applied; imported bounds/support/LOS/legacy/runtime/net tests pending"
"Laboratory_2_1","CampaignWorld/Laboratory/CampaignSupplies/FiniteSupply","GlobalObjectId_V1-2-9fc0d4010bbf28b4594072e72b8655ab-532093255-0","Laboratory","Ammo","false","false","2","45","","AM1","Classic","24","2","CampaignWorld/Laboratory/CampaignSupplies/SupplyBench_Laboratory_2/Worktop","0.000","False","BLOCKED_MISSING_ASSET","PLANNED_ONLY; no scene assignment applied; imported bounds/support/LOS/legacy/runtime/net tests pending"
"Laboratory_2_2","CampaignWorld/Laboratory/CampaignSupplies/FiniteSupply","GlobalObjectId_V1-2-9fc0d4010bbf28b4594072e72b8655ab-1677216939-0","Laboratory","Ammo","false","false","4","45","","AM1","Classic","24","4","CampaignWorld/Laboratory/CampaignSupplies/SupplyBench_Laboratory_2/Worktop","0.000","False","BLOCKED_MISSING_ASSET","PLANNED_ONLY; no scene assignment applied; imported bounds/support/LOS/legacy/runtime/net tests pending"
"Laboratory_2_3","CampaignWorld/Laboratory/CampaignSupplies/FiniteSupply","GlobalObjectId_V1-2-9fc0d4010bbf28b4594072e72b8655ab-803572672-0","Laboratory","Ammo","true","false","1","45","","M1-S1","","","1","CampaignWorld/Laboratory/CampaignSupplies/SupplyBench_Laboratory_2/Worktop","0.000","False","BLOCKED_MISSING_ASSET","PLANNED_ONLY; no scene assignment applied; imported bounds/support/LOS/legacy/runtime/net tests pending"
"survival-Asylum_0_0-0","CampaignWorld/Asylum/CampaignSupplies/SurvivalSupply_survival-Asylum_0_0-0","GlobalObjectId_V1-2-9fc0d4010bbf28b4594072e72b8655ab-356351456-0","Asylum","Frag Grenade","false","false","1","30","","G1","","","1","CampaignWorld/Asylum/Asylum/1stFloor/Stock/Stock_floor","0.728","True","BLOCKED_MISSING_ASSET","PLANNED_ONLY; no scene assignment applied; imported bounds/support/LOS/legacy/runtime/net tests pending"
"survival-Asylum_0_0-1","CampaignWorld/Asylum/CampaignSupplies/SurvivalSupply_survival-Asylum_0_0-1","GlobalObjectId_V1-2-9fc0d4010bbf28b4594072e72b8655ab-22531831-0","Asylum","Incendiary Grenade","false","false","1","30","","G2","","","1","CampaignWorld/Asylum/Asylum/1stFloor/Stock/BigShelf_Stock (5)","0.315","True","BLOCKED_MISSING_ASSET","PLANNED_ONLY; no scene assignment applied; imported bounds/support/LOS/legacy/runtime/net tests pending"
"survival-Asylum_0_0-2","CampaignWorld/Asylum/CampaignSupplies/SurvivalSupply_survival-Asylum_0_0-2","GlobalObjectId_V1-2-9fc0d4010bbf28b4594072e72b8655ab-1441790127-0","Asylum","Medkit","false","false","1","30","","M1-S1","","","1","CampaignWorld/Asylum/Asylum/1stFloor/Stock/Stock_floor","0.736","True","BLOCKED_MISSING_ASSET","PLANNED_ONLY; no scene assignment applied; imported bounds/support/LOS/legacy/runtime/net tests pending"
"survival-Asylum_0_0-3","CampaignWorld/Asylum/CampaignSupplies/SurvivalSupply_survival-Asylum_0_0-3","GlobalObjectId_V1-2-9fc0d4010bbf28b4594072e72b8655ab-456584171-0","Asylum","Antidote","false","false","1","30","","M2","","","1","CampaignWorld/Asylum/Asylum/1stFloor/Stock/Stock_floor","0.758","True","BLOCKED_MISSING_ASSET","PLANNED_ONLY; no scene assignment applied; imported bounds/support/LOS/legacy/runtime/net tests pending"
"survival-Asylum_0_3-0","CampaignWorld/Asylum/CampaignSupplies/SurvivalSupply_survival-Asylum_0_3-0","GlobalObjectId_V1-2-9fc0d4010bbf28b4594072e72b8655ab-1227897454-0","Asylum","Frag Grenade","false","false","1","30","","G1","","","3","CampaignWorld/Asylum/Asylum/1stFloor/Stock/Stock_floor","0.728","True","BLOCKED_MISSING_ASSET","PLANNED_ONLY; no scene assignment applied; imported bounds/support/LOS/legacy/runtime/net tests pending"
"survival-Asylum_0_3-1","CampaignWorld/Asylum/CampaignSupplies/SurvivalSupply_survival-Asylum_0_3-1","GlobalObjectId_V1-2-9fc0d4010bbf28b4594072e72b8655ab-1357175514-0","Asylum","Incendiary Grenade","false","false","1","30","","G2","","","3","CampaignWorld/Asylum/Asylum/1stFloor/Stock/Stock_floor","0.728","True","BLOCKED_MISSING_ASSET","PLANNED_ONLY; no scene assignment applied; imported bounds/support/LOS/legacy/runtime/net tests pending"
"survival-Asylum_0_3-2","CampaignWorld/Asylum/CampaignSupplies/SurvivalSupply_survival-Asylum_0_3-2","GlobalObjectId_V1-2-9fc0d4010bbf28b4594072e72b8655ab-891084693-0","Asylum","Medkit","false","false","1","30","","M1-S1","","","3","CampaignWorld/Asylum/Asylum/1stFloor/Stock/BigShelf_Stock (3)","0.322","True","BLOCKED_MISSING_ASSET","PLANNED_ONLY; no scene assignment applied; imported bounds/support/LOS/legacy/runtime/net tests pending"
"survival-Asylum_0_3-3","CampaignWorld/Asylum/CampaignSupplies/SurvivalSupply_survival-Asylum_0_3-3","GlobalObjectId_V1-2-9fc0d4010bbf28b4594072e72b8655ab-1142849193-0","Asylum","Antidote","false","false","1","30","","M2","","","3","CampaignWorld/Asylum/Asylum/1stFloor/Stock/BigShelf_Stock (3)","0.345","True","BLOCKED_MISSING_ASSET","PLANNED_ONLY; no scene assignment applied; imported bounds/support/LOS/legacy/runtime/net tests pending"
"survival-Asylum_1_0-0","CampaignWorld/Asylum/CampaignSupplies/SurvivalSupply_survival-Asylum_1_0-0","GlobalObjectId_V1-2-9fc0d4010bbf28b4594072e72b8655ab-36496594-0","Asylum","Frag Grenade","false","false","1","30","","G1","","","1","CampaignWorld/Asylum/Asylum/2ndFloor/ExamRoom/ExamRoom_floor","0.752","True","BLOCKED_MISSING_ASSET","PLANNED_ONLY; no scene assignment applied; imported bounds/support/LOS/legacy/runtime/net tests pending"
"survival-Asylum_1_0-1","CampaignWorld/Asylum/CampaignSupplies/SurvivalSupply_survival-Asylum_1_0-1","GlobalObjectId_V1-2-9fc0d4010bbf28b4594072e72b8655ab-2021303260-0","Asylum","Incendiary Grenade","false","false","1","30","","G2","","","1","CampaignWorld/Asylum/Asylum/2ndFloor/Surgery/Surgery_floor","0.752","True","BLOCKED_MISSING_ASSET","PLANNED_ONLY; no scene assignment applied; imported bounds/support/LOS/legacy/runtime/net tests pending"
"survival-Asylum_1_0-2","CampaignWorld/Asylum/CampaignSupplies/SurvivalSupply_survival-Asylum_1_0-2","GlobalObjectId_V1-2-9fc0d4010bbf28b4594072e72b8655ab-765135821-0","Asylum","Medkit","false","false","1","30","","M1-S1","","","1","CampaignWorld/Asylum/Asylum/2ndFloor/Surgery/Surgery_floor","0.759","True","BLOCKED_MISSING_ASSET","PLANNED_ONLY; no scene assignment applied; imported bounds/support/LOS/legacy/runtime/net tests pending"
"survival-Asylum_1_0-3","CampaignWorld/Asylum/CampaignSupplies/SurvivalSupply_survival-Asylum_1_0-3","GlobalObjectId_V1-2-9fc0d4010bbf28b4594072e72b8655ab-559365261-0","Asylum","Antidote","false","false","1","30","","M2","","","1","CampaignWorld/Asylum/Asylum/2ndFloor/Surgery/Surgery_floor","0.782","True","BLOCKED_MISSING_ASSET","PLANNED_ONLY; no scene assignment applied; imported bounds/support/LOS/legacy/runtime/net tests pending"
"survival-Asylum_1_3-0","CampaignWorld/Asylum/CampaignSupplies/SurvivalSupply_survival-Asylum_1_3-0","GlobalObjectId_V1-2-9fc0d4010bbf28b4594072e72b8655ab-2034762025-0","Asylum","Frag Grenade","false","false","1","30","","G1","","","3","CampaignWorld/Asylum/Asylum/2ndFloor/Surgery/Surgery_floor","0.752","True","BLOCKED_MISSING_ASSET","PLANNED_ONLY; no scene assignment applied; imported bounds/support/LOS/legacy/runtime/net tests pending"
"survival-Asylum_1_3-1","CampaignWorld/Asylum/CampaignSupplies/SurvivalSupply_survival-Asylum_1_3-1","GlobalObjectId_V1-2-9fc0d4010bbf28b4594072e72b8655ab-1456281029-0","Asylum","Incendiary Grenade","false","false","1","30","","G2","","","3","CampaignWorld/Asylum/Asylum/2ndFloor/Surgery/Surgery_floor","0.752","True","BLOCKED_MISSING_ASSET","PLANNED_ONLY; no scene assignment applied; imported bounds/support/LOS/legacy/runtime/net tests pending"
"survival-Asylum_1_3-2","CampaignWorld/Asylum/CampaignSupplies/SurvivalSupply_survival-Asylum_1_3-2","GlobalObjectId_V1-2-9fc0d4010bbf28b4594072e72b8655ab-789102038-0","Asylum","Medkit","false","false","1","30","","M1-S1","","","3","CampaignWorld/Asylum/Asylum/2ndFloor/Surgery/Surgery_floor","0.759","True","BLOCKED_MISSING_ASSET","PLANNED_ONLY; no scene assignment applied; imported bounds/support/LOS/legacy/runtime/net tests pending"
"survival-Asylum_1_3-3","CampaignWorld/Asylum/CampaignSupplies/SurvivalSupply_survival-Asylum_1_3-3","GlobalObjectId_V1-2-9fc0d4010bbf28b4594072e72b8655ab-1976715337-0","Asylum","Antidote","false","false","1","30","","M2","","","3","CampaignWorld/Asylum/Asylum/2ndFloor/Surgery/Surgery_floor","0.782","True","BLOCKED_MISSING_ASSET","PLANNED_ONLY; no scene assignment applied; imported bounds/support/LOS/legacy/runtime/net tests pending"
"survival-Asylum_2_0-0","CampaignWorld/Asylum/CampaignSupplies/SurvivalSupply_survival-Asylum_2_0-0","GlobalObjectId_V1-2-9fc0d4010bbf28b4594072e72b8655ab-238878789-0","Asylum","Frag Grenade","false","false","1","30","","G1","","","1","CampaignWorld/Asylum/Asylum/Basement/SeclusionRoomA/SeclusionRoom_floor","0.759","True","BLOCKED_MISSING_ASSET","PLANNED_ONLY; no scene assignment applied; imported bounds/support/LOS/legacy/runtime/net tests pending"
"survival-Asylum_2_0-1","CampaignWorld/Asylum/CampaignSupplies/SurvivalSupply_survival-Asylum_2_0-1","GlobalObjectId_V1-2-9fc0d4010bbf28b4594072e72b8655ab-1928816411-0","Asylum","Incendiary Grenade","false","false","1","30","","G2","","","1","CampaignWorld/Asylum/Asylum/Basement/SeclusionRoomA/SeclusionRoom_floor","0.759","True","BLOCKED_MISSING_ASSET","PLANNED_ONLY; no scene assignment applied; imported bounds/support/LOS/legacy/runtime/net tests pending"
"survival-Asylum_2_0-2","CampaignWorld/Asylum/CampaignSupplies/SurvivalSupply_survival-Asylum_2_0-2","GlobalObjectId_V1-2-9fc0d4010bbf28b4594072e72b8655ab-1745978448-0","Asylum","Medkit","false","false","1","30","","M1-S1","","","1","CampaignWorld/Asylum/Asylum/Basement/SeclusionRoomA/SeclusionRoom_floor","0.766","True","BLOCKED_MISSING_ASSET","PLANNED_ONLY; no scene assignment applied; imported bounds/support/LOS/legacy/runtime/net tests pending"
"survival-Asylum_2_0-3","CampaignWorld/Asylum/CampaignSupplies/SurvivalSupply_survival-Asylum_2_0-3","GlobalObjectId_V1-2-9fc0d4010bbf28b4594072e72b8655ab-139080443-0","Asylum","Antidote","false","false","1","30","","M2","","","1","CampaignWorld/Asylum/Asylum/Basement/SeclusionRoomA/SeclusionRoom_floor","0.789","True","BLOCKED_MISSING_ASSET","PLANNED_ONLY; no scene assignment applied; imported bounds/support/LOS/legacy/runtime/net tests pending"
"survival-Asylum_2_3-0","CampaignWorld/Asylum/CampaignSupplies/SurvivalSupply_survival-Asylum_2_3-0","GlobalObjectId_V1-2-9fc0d4010bbf28b4594072e72b8655ab-1846814642-0","Asylum","Frag Grenade","false","false","1","30","","G1","","","3","CampaignWorld/Asylum/Asylum/Basement/SeclusionRoomA/SeclusionRoom_floor","0.759","True","BLOCKED_MISSING_ASSET","PLANNED_ONLY; no scene assignment applied; imported bounds/support/LOS/legacy/runtime/net tests pending"
"survival-Asylum_2_3-1","CampaignWorld/Asylum/CampaignSupplies/SurvivalSupply_survival-Asylum_2_3-1","GlobalObjectId_V1-2-9fc0d4010bbf28b4594072e72b8655ab-1643018154-0","Asylum","Incendiary Grenade","false","false","1","30","","G2","","","3","CampaignWorld/Asylum/Asylum/Basement/SeclusionRoomA/SeclusionRoom_floor","0.759","True","BLOCKED_MISSING_ASSET","PLANNED_ONLY; no scene assignment applied; imported bounds/support/LOS/legacy/runtime/net tests pending"
"survival-Asylum_2_3-2","CampaignWorld/Asylum/CampaignSupplies/SurvivalSupply_survival-Asylum_2_3-2","GlobalObjectId_V1-2-9fc0d4010bbf28b4594072e72b8655ab-901224573-0","Asylum","Medkit","false","false","1","30","","M1-S1","","","3","CampaignWorld/Asylum/Asylum/Basement/SeclusionRoomA/SeclusionRoom_floor","0.766","True","BLOCKED_MISSING_ASSET","PLANNED_ONLY; no scene assignment applied; imported bounds/support/LOS/legacy/runtime/net tests pending"
"survival-Asylum_2_3-3","CampaignWorld/Asylum/CampaignSupplies/SurvivalSupply_survival-Asylum_2_3-3","GlobalObjectId_V1-2-9fc0d4010bbf28b4594072e72b8655ab-135144094-0","Asylum","Antidote","false","false","1","30","","M2","","","3","CampaignWorld/Asylum/Asylum/Basement/SeclusionRoomA/SeclusionRoom_floor","0.789","True","BLOCKED_MISSING_ASSET","PLANNED_ONLY; no scene assignment applied; imported bounds/support/LOS/legacy/runtime/net tests pending"
"survival-Factory_0_0-0","CampaignWorld/Factory/Map_v2/CampaignSupplies/SurvivalSupply_survival-Factory_0_0-0","GlobalObjectId_V1-2-9fc0d4010bbf28b4594072e72b8655ab-83184140-0","Factory","Frag Grenade","false","false","1","30","","G1","","","1","CampaignWorld/Factory/Map_v2/Static/Road_set_v1_b_floor (9)","0.150","True","BLOCKED_MISSING_ASSET","PLANNED_ONLY; no scene assignment applied; imported bounds/support/LOS/legacy/runtime/net tests pending"
"survival-Factory_0_0-1","CampaignWorld/Factory/Map_v2/CampaignSupplies/SurvivalSupply_survival-Factory_0_0-1","GlobalObjectId_V1-2-9fc0d4010bbf28b4594072e72b8655ab-175210321-0","Factory","Incendiary Grenade","false","false","1","30","","G2","","","1","CampaignWorld/Factory/Map_v2/Static/Road_set_v1_b_floor (9)","0.150","True","BLOCKED_MISSING_ASSET","PLANNED_ONLY; no scene assignment applied; imported bounds/support/LOS/legacy/runtime/net tests pending"
"survival-Factory_0_0-2","CampaignWorld/Factory/Map_v2/CampaignSupplies/SurvivalSupply_survival-Factory_0_0-2","GlobalObjectId_V1-2-9fc0d4010bbf28b4594072e72b8655ab-1479835890-0","Factory","Medkit","false","false","1","30","","M1-S1","","","1","CampaignWorld/Factory/Map_v2/Static/Road_set_v1_b_floor (9)","0.157","True","BLOCKED_MISSING_ASSET","PLANNED_ONLY; no scene assignment applied; imported bounds/support/LOS/legacy/runtime/net tests pending"
"survival-Factory_0_0-3","CampaignWorld/Factory/Map_v2/CampaignSupplies/SurvivalSupply_survival-Factory_0_0-3","GlobalObjectId_V1-2-9fc0d4010bbf28b4594072e72b8655ab-684144837-0","Factory","Antidote","false","false","1","30","","M2","","","1","CampaignWorld/Factory/Map_v2/Static/Road_set_v1_b_floor (9)","0.180","True","BLOCKED_MISSING_ASSET","PLANNED_ONLY; no scene assignment applied; imported bounds/support/LOS/legacy/runtime/net tests pending"
"survival-Factory_0_3-0","CampaignWorld/Factory/Map_v2/CampaignSupplies/SurvivalSupply_survival-Factory_0_3-0","GlobalObjectId_V1-2-9fc0d4010bbf28b4594072e72b8655ab-1624118196-0","Factory","Frag Grenade","false","false","1","30","","G1","","","3","CampaignWorld/Factory/Map_v2/Static/Road_set_v1_b_floor (9)","0.150","True","BLOCKED_MISSING_ASSET","PLANNED_ONLY; no scene assignment applied; imported bounds/support/LOS/legacy/runtime/net tests pending"
"survival-Factory_0_3-1","CampaignWorld/Factory/Map_v2/CampaignSupplies/SurvivalSupply_survival-Factory_0_3-1","GlobalObjectId_V1-2-9fc0d4010bbf28b4594072e72b8655ab-1356003567-0","Factory","Incendiary Grenade","false","false","1","30","","G2","","","3","CampaignWorld/Factory/Map_v2/Static/Road_set_v1_b_floor (9)","0.150","True","BLOCKED_MISSING_ASSET","PLANNED_ONLY; no scene assignment applied; imported bounds/support/LOS/legacy/runtime/net tests pending"
"survival-Factory_0_3-2","CampaignWorld/Factory/Map_v2/CampaignSupplies/SurvivalSupply_survival-Factory_0_3-2","GlobalObjectId_V1-2-9fc0d4010bbf28b4594072e72b8655ab-1127036835-0","Factory","Medkit","false","false","1","30","","M1-S1","","","3","CampaignWorld/Factory/Map_v2/Static/Road_set_v1_b_floor (9)","0.157","True","BLOCKED_MISSING_ASSET","PLANNED_ONLY; no scene assignment applied; imported bounds/support/LOS/legacy/runtime/net tests pending"
"survival-Factory_0_3-3","CampaignWorld/Factory/Map_v2/CampaignSupplies/SurvivalSupply_survival-Factory_0_3-3","GlobalObjectId_V1-2-9fc0d4010bbf28b4594072e72b8655ab-2113689411-0","Factory","Antidote","false","false","1","30","","M2","","","3","CampaignWorld/Factory/Map_v2/Static/Road_set_v1_b_floor (9)","0.180","True","BLOCKED_MISSING_ASSET","PLANNED_ONLY; no scene assignment applied; imported bounds/support/LOS/legacy/runtime/net tests pending"
"survival-Factory_1_0-0","CampaignWorld/Factory/Map_v2/CampaignSupplies/SurvivalSupply_survival-Factory_1_0-0","GlobalObjectId_V1-2-9fc0d4010bbf28b4594072e72b8655ab-903495317-0","Factory","Frag Grenade","false","false","1","30","","G1","","","1","CampaignWorld/Factory/Map_v2/ColdLedger_Extension/Architecture/ContinuousFacility/Foundations/WorldBase_Continuous","0.710","True","BLOCKED_MISSING_ASSET","PLANNED_ONLY; no scene assignment applied; imported bounds/support/LOS/legacy/runtime/net tests pending"
"survival-Factory_1_0-1","CampaignWorld/Factory/Map_v2/CampaignSupplies/SurvivalSupply_survival-Factory_1_0-1","GlobalObjectId_V1-2-9fc0d4010bbf28b4594072e72b8655ab-1763014083-0","Factory","Incendiary Grenade","false","false","1","30","","G2","","","1","CampaignWorld/Factory/Map_v2/ColdLedger_Extension/Architecture/ContinuousFacility/Foundations/WorldBase_Continuous","0.710","True","BLOCKED_MISSING_ASSET","PLANNED_ONLY; no scene assignment applied; imported bounds/support/LOS/legacy/runtime/net tests pending"
"survival-Factory_1_0-2","CampaignWorld/Factory/Map_v2/CampaignSupplies/SurvivalSupply_survival-Factory_1_0-2","GlobalObjectId_V1-2-9fc0d4010bbf28b4594072e72b8655ab-1392609891-0","Factory","Medkit","false","false","1","30","","M1-S1","","","1","CampaignWorld/Factory/Map_v2/ColdLedger_Extension/Architecture/ContinuousFacility/Foundations/WorldBase_Continuous","0.718","True","BLOCKED_MISSING_ASSET","PLANNED_ONLY; no scene assignment applied; imported bounds/support/LOS/legacy/runtime/net tests pending"
"survival-Factory_1_0-3","CampaignWorld/Factory/Map_v2/CampaignSupplies/SurvivalSupply_survival-Factory_1_0-3","GlobalObjectId_V1-2-9fc0d4010bbf28b4594072e72b8655ab-2079321696-0","Factory","Antidote","false","false","1","30","","M2","","","1","CampaignWorld/Factory/Map_v2/ColdLedger_Extension/Architecture/ContinuousFacility/Foundations/WorldBase_Continuous","0.740","True","BLOCKED_MISSING_ASSET","PLANNED_ONLY; no scene assignment applied; imported bounds/support/LOS/legacy/runtime/net tests pending"
"survival-Factory_1_3-0","CampaignWorld/Factory/Map_v2/CampaignSupplies/SurvivalSupply_survival-Factory_1_3-0","GlobalObjectId_V1-2-9fc0d4010bbf28b4594072e72b8655ab-1272006768-0","Factory","Frag Grenade","false","false","1","30","","G1","","","3","CampaignWorld/Factory/Map_v2/ColdLedger_Extension/Architecture/ContinuousFacility/Foundations/WorldBase_Continuous","0.710","True","BLOCKED_MISSING_ASSET","PLANNED_ONLY; no scene assignment applied; imported bounds/support/LOS/legacy/runtime/net tests pending"
"survival-Factory_1_3-1","CampaignWorld/Factory/Map_v2/CampaignSupplies/SurvivalSupply_survival-Factory_1_3-1","GlobalObjectId_V1-2-9fc0d4010bbf28b4594072e72b8655ab-1865630710-0","Factory","Incendiary Grenade","false","false","1","30","","G2","","","3","CampaignWorld/Factory/Map_v2/ColdLedger_Extension/Architecture/ContinuousFacility/Foundations/WorldBase_Continuous","0.710","True","BLOCKED_MISSING_ASSET","PLANNED_ONLY; no scene assignment applied; imported bounds/support/LOS/legacy/runtime/net tests pending"
"survival-Factory_1_3-2","CampaignWorld/Factory/Map_v2/CampaignSupplies/SurvivalSupply_survival-Factory_1_3-2","GlobalObjectId_V1-2-9fc0d4010bbf28b4594072e72b8655ab-1191380062-0","Factory","Medkit","false","false","1","30","","M1-S1","","","3","CampaignWorld/Factory/Map_v2/ColdLedger_Extension/Architecture/ContinuousFacility/Foundations/WorldBase_Continuous","0.718","True","BLOCKED_MISSING_ASSET","PLANNED_ONLY; no scene assignment applied; imported bounds/support/LOS/legacy/runtime/net tests pending"
"survival-Factory_1_3-3","CampaignWorld/Factory/Map_v2/CampaignSupplies/SurvivalSupply_survival-Factory_1_3-3","GlobalObjectId_V1-2-9fc0d4010bbf28b4594072e72b8655ab-550322462-0","Factory","Antidote","false","false","1","30","","M2","","","3","CampaignWorld/Factory/Map_v2/ColdLedger_Extension/Architecture/ContinuousFacility/Foundations/WorldBase_Continuous","0.740","True","BLOCKED_MISSING_ASSET","PLANNED_ONLY; no scene assignment applied; imported bounds/support/LOS/legacy/runtime/net tests pending"
"survival-Factory_2_0-0","CampaignWorld/Factory/Map_v2/CampaignSupplies/SurvivalSupply_survival-Factory_2_0-0","GlobalObjectId_V1-2-9fc0d4010bbf28b4594072e72b8655ab-299180022-0","Factory","Frag Grenade","false","false","1","30","","G1","","","1","CampaignWorld/Factory/Map_v2/ColdLedger_Extension/Architecture/ContinuousFacility/Foundations/WorldBase_Continuous","0.710","True","BLOCKED_MISSING_ASSET","PLANNED_ONLY; no scene assignment applied; imported bounds/support/LOS/legacy/runtime/net tests pending"
"survival-Factory_2_0-1","CampaignWorld/Factory/Map_v2/CampaignSupplies/SurvivalSupply_survival-Factory_2_0-1","GlobalObjectId_V1-2-9fc0d4010bbf28b4594072e72b8655ab-1771897658-0","Factory","Incendiary Grenade","false","false","1","30","","G2","","","1","CampaignWorld/Factory/Map_v2/ColdLedger_Extension/Architecture/ContinuousFacility/Foundations/WorldBase_Continuous","0.710","True","BLOCKED_MISSING_ASSET","PLANNED_ONLY; no scene assignment applied; imported bounds/support/LOS/legacy/runtime/net tests pending"
"survival-Factory_2_0-2","CampaignWorld/Factory/Map_v2/CampaignSupplies/SurvivalSupply_survival-Factory_2_0-2","GlobalObjectId_V1-2-9fc0d4010bbf28b4594072e72b8655ab-1788067550-0","Factory","Medkit","false","false","1","30","","M1-S1","","","1","CampaignWorld/Factory/Map_v2/ColdLedger_Extension/Architecture/ContinuousFacility/Foundations/WorldBase_Continuous","0.718","True","BLOCKED_MISSING_ASSET","PLANNED_ONLY; no scene assignment applied; imported bounds/support/LOS/legacy/runtime/net tests pending"
"survival-Factory_2_0-3","CampaignWorld/Factory/Map_v2/CampaignSupplies/SurvivalSupply_survival-Factory_2_0-3","GlobalObjectId_V1-2-9fc0d4010bbf28b4594072e72b8655ab-1447942803-0","Factory","Antidote","false","false","1","30","","M2","","","1","CampaignWorld/Factory/Map_v2/ColdLedger_Extension/Architecture/ContinuousFacility/Foundations/WorldBase_Continuous","0.740","True","BLOCKED_MISSING_ASSET","PLANNED_ONLY; no scene assignment applied; imported bounds/support/LOS/legacy/runtime/net tests pending"
"survival-Factory_2_3-0","CampaignWorld/Factory/Map_v2/CampaignSupplies/SurvivalSupply_survival-Factory_2_3-0","GlobalObjectId_V1-2-9fc0d4010bbf28b4594072e72b8655ab-471121585-0","Factory","Frag Grenade","false","false","1","30","","G1","","","3","CampaignWorld/Factory/Map_v2/ColdLedger_Extension/Architecture/ContinuousFacility/Foundations/WorldBase_Continuous","0.710","True","BLOCKED_MISSING_ASSET","PLANNED_ONLY; no scene assignment applied; imported bounds/support/LOS/legacy/runtime/net tests pending"
"survival-Factory_2_3-1","CampaignWorld/Factory/Map_v2/CampaignSupplies/SurvivalSupply_survival-Factory_2_3-1","GlobalObjectId_V1-2-9fc0d4010bbf28b4594072e72b8655ab-78651565-0","Factory","Incendiary Grenade","false","false","1","30","","G2","","","3","CampaignWorld/Factory/Map_v2/ColdLedger_Extension/Architecture/ContinuousFacility/Foundations/WorldBase_Continuous","0.710","True","BLOCKED_MISSING_ASSET","PLANNED_ONLY; no scene assignment applied; imported bounds/support/LOS/legacy/runtime/net tests pending"
"survival-Factory_2_3-2","CampaignWorld/Factory/Map_v2/CampaignSupplies/SurvivalSupply_survival-Factory_2_3-2","GlobalObjectId_V1-2-9fc0d4010bbf28b4594072e72b8655ab-53671537-0","Factory","Medkit","false","false","1","30","","M1-S1","","","3","CampaignWorld/Factory/Map_v2/ColdLedger_Extension/Architecture/ContinuousFacility/Foundations/WorldBase_Continuous","0.718","True","BLOCKED_MISSING_ASSET","PLANNED_ONLY; no scene assignment applied; imported bounds/support/LOS/legacy/runtime/net tests pending"
"survival-Factory_2_3-3","CampaignWorld/Factory/Map_v2/CampaignSupplies/SurvivalSupply_survival-Factory_2_3-3","GlobalObjectId_V1-2-9fc0d4010bbf28b4594072e72b8655ab-546258569-0","Factory","Antidote","false","false","1","30","","M2","","","3","CampaignWorld/Factory/Map_v2/ColdLedger_Extension/Architecture/ContinuousFacility/Foundations/WorldBase_Continuous","0.740","True","BLOCKED_MISSING_ASSET","PLANNED_ONLY; no scene assignment applied; imported bounds/support/LOS/legacy/runtime/net tests pending"
"survival-Laboratory_0_0-0","CampaignWorld/Laboratory/CampaignSupplies/SurvivalSupply_survival-Laboratory_0_0-0","GlobalObjectId_V1-2-9fc0d4010bbf28b4594072e72b8655ab-448331779-0","Laboratory","Frag Grenade","false","false","1","30","","G1","","","1","CampaignWorld/Laboratory/Geometry/A_RECEPTION/Floor3x3","0.710","True","BLOCKED_MISSING_ASSET","PLANNED_ONLY; no scene assignment applied; imported bounds/support/LOS/legacy/runtime/net tests pending"
"survival-Laboratory_0_0-1","CampaignWorld/Laboratory/CampaignSupplies/SurvivalSupply_survival-Laboratory_0_0-1","GlobalObjectId_V1-2-9fc0d4010bbf28b4594072e72b8655ab-374163596-0","Laboratory","Incendiary Grenade","false","false","1","30","","G2","","","1","CampaignWorld/Laboratory/Geometry/A_RECEPTION/Floor3x3","0.710","True","BLOCKED_MISSING_ASSET","PLANNED_ONLY; no scene assignment applied; imported bounds/support/LOS/legacy/runtime/net tests pending"
"survival-Laboratory_0_0-2","CampaignWorld/Laboratory/CampaignSupplies/SurvivalSupply_survival-Laboratory_0_0-2","GlobalObjectId_V1-2-9fc0d4010bbf28b4594072e72b8655ab-763632623-0","Laboratory","Medkit","false","false","1","30","","M1-S1","","","1","CampaignWorld/Laboratory/Geometry/A_RECEPTION/Floor3x3","0.717","True","BLOCKED_MISSING_ASSET","PLANNED_ONLY; no scene assignment applied; imported bounds/support/LOS/legacy/runtime/net tests pending"
"survival-Laboratory_0_0-3","CampaignWorld/Laboratory/CampaignSupplies/SurvivalSupply_survival-Laboratory_0_0-3","GlobalObjectId_V1-2-9fc0d4010bbf28b4594072e72b8655ab-1299826459-0","Laboratory","Antidote","false","false","1","30","","M2","","","1","CampaignWorld/Laboratory/Geometry/A_RECEPTION/Floor3x3","0.740","True","BLOCKED_MISSING_ASSET","PLANNED_ONLY; no scene assignment applied; imported bounds/support/LOS/legacy/runtime/net tests pending"
"survival-Laboratory_0_3-0","CampaignWorld/Laboratory/CampaignSupplies/SurvivalSupply_survival-Laboratory_0_3-0","GlobalObjectId_V1-2-9fc0d4010bbf28b4594072e72b8655ab-1104453527-0","Laboratory","Frag Grenade","false","false","1","30","","G1","","","3","CampaignWorld/Laboratory/Geometry/A_RECEPTION/Floor3x3","0.710","True","BLOCKED_MISSING_ASSET","PLANNED_ONLY; no scene assignment applied; imported bounds/support/LOS/legacy/runtime/net tests pending"
"survival-Laboratory_0_3-1","CampaignWorld/Laboratory/CampaignSupplies/SurvivalSupply_survival-Laboratory_0_3-1","GlobalObjectId_V1-2-9fc0d4010bbf28b4594072e72b8655ab-365020100-0","Laboratory","Incendiary Grenade","false","false","1","30","","G2","","","3","CampaignWorld/Laboratory/Geometry/A_RECEPTION/Floor3x3","0.710","True","BLOCKED_MISSING_ASSET","PLANNED_ONLY; no scene assignment applied; imported bounds/support/LOS/legacy/runtime/net tests pending"
"survival-Laboratory_0_3-2","CampaignWorld/Laboratory/CampaignSupplies/SurvivalSupply_survival-Laboratory_0_3-2","GlobalObjectId_V1-2-9fc0d4010bbf28b4594072e72b8655ab-1645303074-0","Laboratory","Medkit","false","false","1","30","","M1-S1","","","3","CampaignWorld/Laboratory/Geometry/A_RECEPTION/Floor3x3","0.717","True","BLOCKED_MISSING_ASSET","PLANNED_ONLY; no scene assignment applied; imported bounds/support/LOS/legacy/runtime/net tests pending"
"survival-Laboratory_0_3-3","CampaignWorld/Laboratory/CampaignSupplies/SurvivalSupply_survival-Laboratory_0_3-3","GlobalObjectId_V1-2-9fc0d4010bbf28b4594072e72b8655ab-1396875150-0","Laboratory","Antidote","false","false","1","30","","M2","","","3","CampaignWorld/Laboratory/Geometry/A_RECEPTION/Floor3x3","0.740","True","BLOCKED_MISSING_ASSET","PLANNED_ONLY; no scene assignment applied; imported bounds/support/LOS/legacy/runtime/net tests pending"
"survival-Laboratory_1_0-0","CampaignWorld/Laboratory/CampaignSupplies/SurvivalSupply_survival-Laboratory_1_0-0","GlobalObjectId_V1-2-9fc0d4010bbf28b4594072e72b8655ab-471761961-0","Laboratory","Frag Grenade","false","false","1","30","","G1","","","1","CampaignWorld/Laboratory/Geometry/C_RESEARCH/FloorBand3x18","0.710","True","BLOCKED_MISSING_ASSET","PLANNED_ONLY; no scene assignment applied; imported bounds/support/LOS/legacy/runtime/net tests pending"
"survival-Laboratory_1_0-1","CampaignWorld/Laboratory/CampaignSupplies/SurvivalSupply_survival-Laboratory_1_0-1","GlobalObjectId_V1-2-9fc0d4010bbf28b4594072e72b8655ab-1669254901-0","Laboratory","Incendiary Grenade","false","false","1","30","","G2","","","1","CampaignWorld/Laboratory/Geometry/C_RESEARCH/FloorBand3x18","0.710","True","BLOCKED_MISSING_ASSET","PLANNED_ONLY; no scene assignment applied; imported bounds/support/LOS/legacy/runtime/net tests pending"
"survival-Laboratory_1_0-2","CampaignWorld/Laboratory/CampaignSupplies/SurvivalSupply_survival-Laboratory_1_0-2","GlobalObjectId_V1-2-9fc0d4010bbf28b4594072e72b8655ab-1761939280-0","Laboratory","Medkit","false","false","1","30","","M1-S1","","","1","CampaignWorld/Laboratory/Geometry/C_RESEARCH/FloorBand3x18","0.717","True","BLOCKED_MISSING_ASSET","PLANNED_ONLY; no scene assignment applied; imported bounds/support/LOS/legacy/runtime/net tests pending"
"survival-Laboratory_1_0-3","CampaignWorld/Laboratory/CampaignSupplies/SurvivalSupply_survival-Laboratory_1_0-3","GlobalObjectId_V1-2-9fc0d4010bbf28b4594072e72b8655ab-710969430-0","Laboratory","Antidote","false","false","1","30","","M2","","","1","CampaignWorld/Laboratory/Geometry/C_RESEARCH/FloorBand3x18","0.740","True","BLOCKED_MISSING_ASSET","PLANNED_ONLY; no scene assignment applied; imported bounds/support/LOS/legacy/runtime/net tests pending"
"survival-Laboratory_1_3-0","CampaignWorld/Laboratory/CampaignSupplies/SurvivalSupply_survival-Laboratory_1_3-0","GlobalObjectId_V1-2-9fc0d4010bbf28b4594072e72b8655ab-1452023406-0","Laboratory","Frag Grenade","false","false","1","30","","G1","","","3","CampaignWorld/Laboratory/Geometry/C_RESEARCH/FloorBand3x18","0.710","True","BLOCKED_MISSING_ASSET","PLANNED_ONLY; no scene assignment applied; imported bounds/support/LOS/legacy/runtime/net tests pending"
"survival-Laboratory_1_3-1","CampaignWorld/Laboratory/CampaignSupplies/SurvivalSupply_survival-Laboratory_1_3-1","GlobalObjectId_V1-2-9fc0d4010bbf28b4594072e72b8655ab-1067922971-0","Laboratory","Incendiary Grenade","false","false","1","30","","G2","","","3","CampaignWorld/Laboratory/Geometry/C_RESEARCH/FloorBand3x18","0.710","True","BLOCKED_MISSING_ASSET","PLANNED_ONLY; no scene assignment applied; imported bounds/support/LOS/legacy/runtime/net tests pending"
"survival-Laboratory_1_3-2","CampaignWorld/Laboratory/CampaignSupplies/SurvivalSupply_survival-Laboratory_1_3-2","GlobalObjectId_V1-2-9fc0d4010bbf28b4594072e72b8655ab-1755020996-0","Laboratory","Medkit","false","false","1","30","","M1-S1","","","3","CampaignWorld/Laboratory/Geometry/C_RESEARCH/FloorBand3x18","0.717","True","BLOCKED_MISSING_ASSET","PLANNED_ONLY; no scene assignment applied; imported bounds/support/LOS/legacy/runtime/net tests pending"
"survival-Laboratory_1_3-3","CampaignWorld/Laboratory/CampaignSupplies/SurvivalSupply_survival-Laboratory_1_3-3","GlobalObjectId_V1-2-9fc0d4010bbf28b4594072e72b8655ab-1932431067-0","Laboratory","Antidote","false","false","1","30","","M2","","","3","CampaignWorld/Laboratory/Geometry/C_RESEARCH/FloorBand3x18","0.740","True","BLOCKED_MISSING_ASSET","PLANNED_ONLY; no scene assignment applied; imported bounds/support/LOS/legacy/runtime/net tests pending"
"survival-Laboratory_2_0-0","CampaignWorld/Laboratory/CampaignSupplies/SurvivalSupply_survival-Laboratory_2_0-0","GlobalObjectId_V1-2-9fc0d4010bbf28b4594072e72b8655ab-1383831355-0","Laboratory","Frag Grenade","false","false","1","30","","G1","","","1","CampaignWorld/Laboratory/Geometry/F_TRANSFER BAY/FloorBand3x18","0.710","True","BLOCKED_MISSING_ASSET","PLANNED_ONLY; no scene assignment applied; imported bounds/support/LOS/legacy/runtime/net tests pending"
"survival-Laboratory_2_0-1","CampaignWorld/Laboratory/CampaignSupplies/SurvivalSupply_survival-Laboratory_2_0-1","GlobalObjectId_V1-2-9fc0d4010bbf28b4594072e72b8655ab-715853744-0","Laboratory","Incendiary Grenade","false","false","1","30","","G2","","","1","CampaignWorld/Laboratory/Geometry/F_TRANSFER BAY/FloorBand3x18","0.710","True","BLOCKED_MISSING_ASSET","PLANNED_ONLY; no scene assignment applied; imported bounds/support/LOS/legacy/runtime/net tests pending"
"survival-Laboratory_2_0-2","CampaignWorld/Laboratory/CampaignSupplies/SurvivalSupply_survival-Laboratory_2_0-2","GlobalObjectId_V1-2-9fc0d4010bbf28b4594072e72b8655ab-1324600651-0","Laboratory","Medkit","false","false","1","30","","M1-S1","","","1","CampaignWorld/Laboratory/Geometry/F_TRANSFER BAY/FloorBand3x18","0.717","True","BLOCKED_MISSING_ASSET","PLANNED_ONLY; no scene assignment applied; imported bounds/support/LOS/legacy/runtime/net tests pending"
"survival-Laboratory_2_0-3","CampaignWorld/Laboratory/CampaignSupplies/SurvivalSupply_survival-Laboratory_2_0-3","GlobalObjectId_V1-2-9fc0d4010bbf28b4594072e72b8655ab-2099260163-0","Laboratory","Antidote","false","false","1","30","","M2","","","1","CampaignWorld/Laboratory/Geometry/F_TRANSFER BAY/FloorBand3x18","0.740","True","BLOCKED_MISSING_ASSET","PLANNED_ONLY; no scene assignment applied; imported bounds/support/LOS/legacy/runtime/net tests pending"
"survival-Laboratory_2_3-0","CampaignWorld/Laboratory/CampaignSupplies/SurvivalSupply_survival-Laboratory_2_3-0","GlobalObjectId_V1-2-9fc0d4010bbf28b4594072e72b8655ab-811354470-0","Laboratory","Frag Grenade","false","false","1","30","","G1","","","3","CampaignWorld/Laboratory/Geometry/F_TRANSFER BAY/FloorBand3x18","0.710","True","BLOCKED_MISSING_ASSET","PLANNED_ONLY; no scene assignment applied; imported bounds/support/LOS/legacy/runtime/net tests pending"
"survival-Laboratory_2_3-1","CampaignWorld/Laboratory/CampaignSupplies/SurvivalSupply_survival-Laboratory_2_3-1","GlobalObjectId_V1-2-9fc0d4010bbf28b4594072e72b8655ab-1130691084-0","Laboratory","Incendiary Grenade","false","false","1","30","","G2","","","3","CampaignWorld/Laboratory/Geometry/F_TRANSFER BAY/FloorBand3x18","0.710","True","BLOCKED_MISSING_ASSET","PLANNED_ONLY; no scene assignment applied; imported bounds/support/LOS/legacy/runtime/net tests pending"
"survival-Laboratory_2_3-2","CampaignWorld/Laboratory/CampaignSupplies/SurvivalSupply_survival-Laboratory_2_3-2","GlobalObjectId_V1-2-9fc0d4010bbf28b4594072e72b8655ab-382511337-0","Laboratory","Medkit","false","false","1","30","","M1-S1","","","3","CampaignWorld/Laboratory/Geometry/F_TRANSFER BAY/FloorBand3x18","0.717","True","BLOCKED_MISSING_ASSET","PLANNED_ONLY; no scene assignment applied; imported bounds/support/LOS/legacy/runtime/net tests pending"
"survival-Laboratory_2_3-3","CampaignWorld/Laboratory/CampaignSupplies/SurvivalSupply_survival-Laboratory_2_3-3","GlobalObjectId_V1-2-9fc0d4010bbf28b4594072e72b8655ab-341939840-0","Laboratory","Antidote","false","false","1","30","","M2","","","3","CampaignWorld/Laboratory/Geometry/F_TRANSFER BAY/FloorBand3x18","0.740","True","BLOCKED_MISSING_ASSET","PLANNED_ONLY; no scene assignment applied; imported bounds/support/LOS/legacy/runtime/net tests pending"
