id,chapter,reward,minimumPartySize,path,position,meshBottom,externalSurface,surfaceY,verticalGap,nearestBench,centerOutsideBench
"survival-Laboratory_2_3-0","Laboratory","FragGrenade","1","CampaignWorld/Laboratory/CampaignSupplies/SurvivalSupply_survival-Laboratory_2_3-0","(168.840, -17.200, 301.085)","-17.290","CampaignWorld/Laboratory/Geometry/F_TRANSFER BAY/FloorBand3x18","-18.000","0.710","SupplyBench_Laboratory_2","True"
"survival-Factory_2_3-3","Factory","Antidote","1","CampaignWorld/Factory/Map_v2/CampaignSupplies/SurvivalSupply_survival-Factory_2_3-3","(113.150, 0.800, 101.200)","0.740","CampaignWorld/Factory/Map_v2/ColdLedger_Extension/Architecture/ContinuousFacility/Foundations/WorldBase_Continuous","0.000","0.740","SupplyBench_Factory_2","True"
"Asylum_0_0","Asylum","Ammo","1","CampaignWorld/Asylum/CampaignSupplies/FiniteSupply","(152.000, 0.850, 246.885)","0.750","CampaignWorld/Asylum/CampaignSupplies/SupplyBench_Asylum_0/Worktop","0.750","0.000","SupplyBench_Asylum_0","False"
"survival-Asylum_1_3-0","Asylum","FragGrenade","1","CampaignWorld/Asylum/CampaignSupplies/SurvivalSupply_survival-Asylum_1_3-0","(119.650, 4.660, 231.485)","4.570","CampaignWorld/Asylum/Asylum/2ndFloor/Surgery/Surgery_floor","3.818","0.752","SupplyBench_Asylum_1","True"
"survival-Factory_0_0-0","Factory","FragGrenade","1","CampaignWorld/Factory/Map_v2/CampaignSupplies/SurvivalSupply_survival-Factory_0_0-0","(95.000, 0.800, 26.200)","0.710","CampaignWorld/Factory/Map_v2/Static/Road_set_v1_b_floor (9)","0.560","0.150","SupplyBench_Factory_0","True"
"survival-Asylum_0_0-0","Asylum","FragGrenade","1","CampaignWorld/Asylum/CampaignSupplies/SurvivalSupply_survival-Asylum_0_0-0","(152.000, 0.850, 246.085)","0.760","CampaignWorld/Asylum/Asylum/1stFloor/Stock/Stock_floor","0.032","0.728","SupplyBench_Asylum_0","True"
"Asylum_2_0","Asylum","Ammo","1","CampaignWorld/Asylum/CampaignSupplies/FiniteSupply","(150.000, -2.990, 234.285)","-3.090","CampaignWorld/Asylum/CampaignSupplies/SupplyBench_Asylum_2/Worktop","-3.090","0.000","SupplyBench_Asylum_2","False"
"survival-Factory_2_0-1","Factory","IncendiaryGrenade","1","CampaignWorld/Factory/Map_v2/CampaignSupplies/SurvivalSupply_survival-Factory_2_0-1","(110.500, 0.800, 101.200)","0.710","CampaignWorld/Factory/Map_v2/ColdLedger_Extension/Architecture/ContinuousFacility/Foundations/WorldBase_Continuous","0.000","0.710","SupplyBench_Factory_2","True"
"survival-Asylum_1_0-1","Asylum","IncendiaryGrenade","1","CampaignWorld/Asylum/CampaignSupplies/SurvivalSupply_survival-Asylum_1_0-1","(118.500, 4.660, 231.485)","4.570","CampaignWorld/Asylum/Asylum/2ndFloor/Surgery/Surgery_floor","3.818","0.752","SupplyBench_Asylum_1","True"
"survival-Laboratory_0_0-0","Laboratory","FragGrenade","1","CampaignWorld/Laboratory/CampaignSupplies/SurvivalSupply_survival-Laboratory_0_0-0","(152.190, -17.200, 245.085)","-17.290","CampaignWorld/Laboratory/Geometry/A_RECEPTION/Floor3x3","-18.000","0.710","SupplyBench_Laboratory_0","True"
"Factory_2_1","Factory","Ammo","2","CampaignWorld/Factory/Map_v2/CampaignSupplies/FiniteSupply","(110.550, 0.800, 102.000)","0.700","CampaignWorld/Factory/Map_v2/CampaignSupplies/SupplyBench_Factory_2/Worktop","0.700","0.000","SupplyBench_Factory_2","False"
"Asylum_0_1","Asylum","Ammo","2","CampaignWorld/Asylum/CampaignSupplies/FiniteSupply","(152.550, 0.850, 246.885)","0.750","CampaignWorld/Asylum/CampaignSupplies/SupplyBench_Asylum_0/Worktop","0.750","0.000","SupplyBench_Asylum_0","False"
"survival-Asylum_0_3-0","Asylum","FragGrenade","1","CampaignWorld/Asylum/CampaignSupplies/SurvivalSupply_survival-Asylum_0_3-0","(153.650, 0.850, 246.085)","0.760","CampaignWorld/Asylum/Asylum/1stFloor/Stock/Stock_floor","0.032","0.728","SupplyBench_Asylum_0","True"
"survival-Asylum_0_3-2","Asylum","Medkit","1","CampaignWorld/Asylum/CampaignSupplies/SurvivalSupply_survival-Asylum_0_3-2","(154.650, 0.850, 246.085)","0.768","CampaignWorld/Asylum/Asylum/1stFloor/Stock/BigShelf_Stock (3)","0.445","0.322","SupplyBench_Asylum_0","True"
"survival-Asylum_1_3-3","Asylum","Antidote","1","CampaignWorld/Asylum/CampaignSupplies/SurvivalSupply_survival-Asylum_1_3-3","(121.150, 4.660, 231.485)","4.600","CampaignWorld/Asylum/Asylum/2ndFloor/Surgery/Surgery_floor","3.818","0.782","SupplyBench_Asylum_1","True"
"survival-Factory_1_0-0","Factory","FragGrenade","1","CampaignWorld/Factory/Map_v2/CampaignSupplies/SurvivalSupply_survival-Factory_1_0-0","(97.000, 0.800, -73.800)","0.710","CampaignWorld/Factory/Map_v2/ColdLedger_Extension/Architecture/ContinuousFacility/Foundations/WorldBase_Continuous","0.000","0.710","SupplyBench_Factory_1","True"
"survival-Laboratory_2_0-3","Laboratory","Antidote","1","CampaignWorld/Laboratory/CampaignSupplies/SurvivalSupply_survival-Laboratory_2_0-3","(168.690, -17.200, 301.085)","-17.260","CampaignWorld/Laboratory/Geometry/F_TRANSFER BAY/FloorBand3x18","-18.000","0.740","SupplyBench_Laboratory_2","True"
"survival-Factory_2_3-1","Factory","IncendiaryGrenade","1","CampaignWorld/Factory/Map_v2/CampaignSupplies/SurvivalSupply_survival-Factory_2_3-1","(112.150, 0.800, 101.200)","0.710","CampaignWorld/Factory/Map_v2/ColdLedger_Extension/Architecture/ContinuousFacility/Foundations/WorldBase_Continuous","0.000","0.710","SupplyBench_Factory_2","True"
"Factory_0_3","Factory","MedicalCase","1","CampaignWorld/Factory/Map_v2/CampaignSupplies/FiniteSupply","(96.650, 0.800, 27.000)","0.700","CampaignWorld/Factory/Map_v2/CampaignSupplies/SupplyBench_Factory_0/Worktop","0.700","0.000","SupplyBench_Factory_0","False"
"survival-Asylum_2_0-2","Asylum","Medkit","1","CampaignWorld/Asylum/CampaignSupplies/SurvivalSupply_survival-Asylum_2_0-2","(151.000, -2.990, 233.485)","-3.073","CampaignWorld/Asylum/Asylum/Basement/SeclusionRoomA/SeclusionRoom_floor","-3.839","0.766","SupplyBench_Asylum_2","True"
"survival-Asylum_2_0-1","Asylum","IncendiaryGrenade","1","CampaignWorld/Asylum/CampaignSupplies/SurvivalSupply_survival-Asylum_2_0-1","(150.500, -2.990, 233.485)","-3.080","CampaignWorld/Asylum/Asylum/Basement/SeclusionRoomA/SeclusionRoom_floor","-3.839","0.759","SupplyBench_Asylum_2","True"
"survival-Asylum_1_0-0","Asylum","FragGrenade","1","CampaignWorld/Asylum/CampaignSupplies/SurvivalSupply_survival-Asylum_1_0-0","(118.000, 4.660, 231.485)","4.570","CampaignWorld/Asylum/Asylum/2ndFloor/ExamRoom/ExamRoom_floor","3.818","0.752","SupplyBench_Asylum_1","True"
"survival-Asylum_2_3-1","Asylum","IncendiaryGrenade","1","CampaignWorld/Asylum/CampaignSupplies/SurvivalSupply_survival-Asylum_2_3-1","(152.150, -2.990, 233.485)","-3.080","CampaignWorld/Asylum/Asylum/Basement/SeclusionRoomA/SeclusionRoom_floor","-3.839","0.759","SupplyBench_Asylum_2","True"
"Asylum_1_1","Asylum","Ammo","2","CampaignWorld/Asylum/CampaignSupplies/FiniteSupply","(118.550, 4.660, 232.285)","4.560","CampaignWorld/Asylum/CampaignSupplies/SupplyBench_Asylum_1/Worktop","4.560","0.000","SupplyBench_Asylum_1","False"
"survival-Factory_1_0-1","Factory","IncendiaryGrenade","1","CampaignWorld/Factory/Map_v2/CampaignSupplies/SurvivalSupply_survival-Factory_1_0-1","(97.500, 0.800, -73.800)","0.710","CampaignWorld/Factory/Map_v2/ColdLedger_Extension/Architecture/ContinuousFacility/Foundations/WorldBase_Continuous","0.000","0.710","SupplyBench_Factory_1","True"
"survival-Asylum_0_3-3","Asylum","Antidote","1","CampaignWorld/Asylum/CampaignSupplies/SurvivalSupply_survival-Asylum_0_3-3","(155.150, 0.850, 246.085)","0.790","CampaignWorld/Asylum/Asylum/1stFloor/Stock/BigShelf_Stock (3)","0.445","0.345","SupplyBench_Asylum_0","True"
"Factory_2_3","Factory","MedicalCase","1","CampaignWorld/Factory/Map_v2/CampaignSupplies/FiniteSupply","(111.650, 0.800, 102.000)","0.700","CampaignWorld/Factory/Map_v2/CampaignSupplies/SupplyBench_Factory_2/Worktop","0.700","0.000","SupplyBench_Factory_2","False"
"survival-Asylum_1_0-3","Asylum","Antidote","1","CampaignWorld/Asylum/CampaignSupplies/SurvivalSupply_survival-Asylum_1_0-3","(119.500, 4.660, 231.485)","4.600","CampaignWorld/Asylum/Asylum/2ndFloor/Surgery/Surgery_floor","3.818","0.782","SupplyBench_Asylum_1","True"
"survival-Asylum_2_3-2","Asylum","Medkit","1","CampaignWorld/Asylum/CampaignSupplies/SurvivalSupply_survival-Asylum_2_3-2","(152.650, -2.990, 233.485)","-3.073","CampaignWorld/Asylum/Asylum/Basement/SeclusionRoomA/SeclusionRoom_floor","-3.839","0.766","SupplyBench_Asylum_2","True"
"Factory_0_1","Factory","Ammo","2","CampaignWorld/Factory/Map_v2/CampaignSupplies/FiniteSupply","(95.550, 0.800, 27.000)","0.700","CampaignWorld/Factory/Map_v2/CampaignSupplies/SupplyBench_Factory_0/Worktop","0.700","0.000","SupplyBench_Factory_0","False"
"survival-Factory_0_3-2","Factory","Medkit","1","CampaignWorld/Factory/Map_v2/CampaignSupplies/SurvivalSupply_survival-Factory_0_3-2","(97.650, 0.800, 26.200)","0.718","CampaignWorld/Factory/Map_v2/Static/Road_set_v1_b_floor (9)","0.560","0.157","SupplyBench_Factory_0","True"
"survival-Asylum_0_0-1","Asylum","IncendiaryGrenade","1","CampaignWorld/Asylum/CampaignSupplies/SurvivalSupply_survival-Asylum_0_0-1","(152.500, 0.850, 246.085)","0.760","CampaignWorld/Asylum/Asylum/1stFloor/Stock/BigShelf_Stock (5)","0.445","0.315","SupplyBench_Asylum_0","True"
"Laboratory_0_3","Laboratory","MedicalCase","1","CampaignWorld/Laboratory/CampaignSupplies/FiniteSupply","(153.840, -17.200, 245.885)","-17.300","CampaignWorld/Laboratory/CampaignSupplies/SupplyBench_Laboratory_0/Worktop","-17.300","0.000","SupplyBench_Laboratory_0","False"
"survival-Factory_1_3-3","Factory","Antidote","1","CampaignWorld/Factory/Map_v2/CampaignSupplies/SurvivalSupply_survival-Factory_1_3-3","(100.150, 0.800, -73.800)","0.740","CampaignWorld/Factory/Map_v2/ColdLedger_Extension/Architecture/ContinuousFacility/Foundations/WorldBase_Continuous","0.000","0.740","SupplyBench_Factory_1","True"
"survival-Factory_0_3-1","Factory","IncendiaryGrenade","1","CampaignWorld/Factory/Map_v2/CampaignSupplies/SurvivalSupply_survival-Factory_0_3-1","(97.150, 0.800, 26.200)","0.710","CampaignWorld/Factory/Map_v2/Static/Road_set_v1_b_floor (9)","0.560","0.150","SupplyBench_Factory_0","True"
"survival-Factory_1_0-3","Factory","Antidote","1","CampaignWorld/Factory/Map_v2/CampaignSupplies/SurvivalSupply_survival-Factory_1_0-3","(98.500, 0.800, -73.800)","0.740","CampaignWorld/Factory/Map_v2/ColdLedger_Extension/Architecture/ContinuousFacility/Foundations/WorldBase_Continuous","0.000","0.740","SupplyBench_Factory_1","True"
"survival-Factory_2_0-2","Factory","Medkit","1","CampaignWorld/Factory/Map_v2/CampaignSupplies/SurvivalSupply_survival-Factory_2_0-2","(111.000, 0.800, 101.200)","0.718","CampaignWorld/Factory/Map_v2/ColdLedger_Extension/Architecture/ContinuousFacility/Foundations/WorldBase_Continuous","0.000","0.718","SupplyBench_Factory_2","True"
"survival-Laboratory_2_0-1","Laboratory","IncendiaryGrenade","1","CampaignWorld/Laboratory/CampaignSupplies/SurvivalSupply_survival-Laboratory_2_0-1","(167.690, -17.200, 301.085)","-17.290","CampaignWorld/Laboratory/Geometry/F_TRANSFER BAY/FloorBand3x18","-18.000","0.710","SupplyBench_Laboratory_2","True"
"Asylum_1_2","Asylum","Ammo","4","CampaignWorld/Asylum/CampaignSupplies/FiniteSupply","(119.100, 4.660, 232.285)","4.560","CampaignWorld/Asylum/CampaignSupplies/SupplyBench_Asylum_1/Worktop","4.560","0.000","SupplyBench_Asylum_1","False"
"survival-Factory_1_3-2","Factory","Medkit","1","CampaignWorld/Factory/Map_v2/CampaignSupplies/SurvivalSupply_survival-Factory_1_3-2","(99.650, 0.800, -73.800)","0.718","CampaignWorld/Factory/Map_v2/ColdLedger_Extension/Architecture/ContinuousFacility/Foundations/WorldBase_Continuous","0.000","0.718","SupplyBench_Factory_1","True"
"survival-Asylum_2_0-3","Asylum","Antidote","1","CampaignWorld/Asylum/CampaignSupplies/SurvivalSupply_survival-Asylum_2_0-3","(151.500, -2.990, 233.485)","-3.050","CampaignWorld/Asylum/Asylum/Basement/SeclusionRoomA/SeclusionRoom_floor","-3.839","0.789","SupplyBench_Asylum_2","True"
"survival-Asylum_1_0-2","Asylum","Medkit","1","CampaignWorld/Asylum/CampaignSupplies/SurvivalSupply_survival-Asylum_1_0-2","(119.000, 4.660, 231.485)","4.577","CampaignWorld/Asylum/Asylum/2ndFloor/Surgery/Surgery_floor","3.818","0.759","SupplyBench_Asylum_1","True"
"Laboratory_0_0","Laboratory","Ammo","1","CampaignWorld/Laboratory/CampaignSupplies/FiniteSupply","(152.190, -17.200, 245.885)","-17.300","CampaignWorld/Laboratory/CampaignSupplies/SupplyBench_Laboratory_0/Worktop","-17.300","0.000","SupplyBench_Laboratory_0","False"
"survival-Laboratory_1_3-2","Laboratory","Medkit","1","CampaignWorld/Laboratory/CampaignSupplies/SurvivalSupply_survival-Laboratory_1_3-2","(219.840, -17.200, 246.085)","-17.283","CampaignWorld/Laboratory/Geometry/C_RESEARCH/FloorBand3x18","-18.000","0.717","SupplyBench_Laboratory_1","True"
"Asylum_0_3","Asylum","MedicalCase","1","CampaignWorld/Asylum/CampaignSupplies/FiniteSupply","(153.650, 0.850, 246.885)","0.750","CampaignWorld/Asylum/CampaignSupplies/SupplyBench_Asylum_0/Worktop","0.750","0.000","SupplyBench_Asylum_0","False"
"survival-Laboratory_1_0-0","Laboratory","FragGrenade","1","CampaignWorld/Laboratory/CampaignSupplies/SurvivalSupply_survival-Laboratory_1_0-0","(217.190, -17.200, 246.085)","-17.290","CampaignWorld/Laboratory/Geometry/C_RESEARCH/FloorBand3x18","-18.000","0.710","SupplyBench_Laboratory_1","True"
"survival-Factory_0_0-1","Factory","IncendiaryGrenade","1","CampaignWorld/Factory/Map_v2/CampaignSupplies/SurvivalSupply_survival-Factory_0_0-1","(95.500, 0.800, 26.200)","0.710","CampaignWorld/Factory/Map_v2/Static/Road_set_v1_b_floor (9)","0.560","0.150","SupplyBench_Factory_0","True"
"Laboratory_2_2","Laboratory","Ammo","4","CampaignWorld/Laboratory/CampaignSupplies/FiniteSupply","(168.290, -17.200, 301.885)","-17.300","CampaignWorld/Laboratory/CampaignSupplies/SupplyBench_Laboratory_2/Worktop","-17.300","0.000","SupplyBench_Laboratory_2","False"
"survival-Asylum_0_3-1","Asylum","IncendiaryGrenade","1","CampaignWorld/Asylum/CampaignSupplies/SurvivalSupply_survival-Asylum_0_3-1","(154.150, 0.850, 246.085)","0.760","CampaignWorld/Asylum/Asylum/1stFloor/Stock/Stock_floor","0.032","0.728","SupplyBench_Asylum_0","True"
"survival-Factory_0_3-0","Factory","FragGrenade","1","CampaignWorld/Factory/Map_v2/CampaignSupplies/SurvivalSupply_survival-Factory_0_3-0","(96.650, 0.800, 26.200)","0.710","CampaignWorld/Factory/Map_v2/Static/Road_set_v1_b_floor (9)","0.560","0.150","SupplyBench_Factory_0","True"
"Laboratory_2_3","Laboratory","MedicalCase","1","CampaignWorld/Laboratory/CampaignSupplies/FiniteSupply","(168.840, -17.200, 301.885)","-17.300","CampaignWorld/Laboratory/CampaignSupplies/SupplyBench_Laboratory_2/Worktop","-17.300","0.000","SupplyBench_Laboratory_2","False"
"survival-Laboratory_0_0-1","Laboratory","IncendiaryGrenade","1","CampaignWorld/Laboratory/CampaignSupplies/SurvivalSupply_survival-Laboratory_0_0-1","(152.690, -17.200, 245.085)","-17.290","CampaignWorld/Laboratory/Geometry/A_RECEPTION/Floor3x3","-18.000","0.710","SupplyBench_Laboratory_0","True"
"survival-Laboratory_2_3-3","Laboratory","Antidote","1","CampaignWorld/Laboratory/CampaignSupplies/SurvivalSupply_survival-Laboratory_2_3-3","(170.340, -17.200, 301.085)","-17.260","CampaignWorld/Laboratory/Geometry/F_TRANSFER BAY/FloorBand3x18","-18.000","0.740","SupplyBench_Laboratory_2","True"
"Factory_2_2","Factory","Ammo","4","CampaignWorld/Factory/Map_v2/CampaignSupplies/FiniteSupply","(111.100, 0.800, 102.000)","0.700","CampaignWorld/Factory/Map_v2/CampaignSupplies/SupplyBench_Factory_2/Worktop","0.700","0.000","SupplyBench_Factory_2","False"
"survival-Asylum_2_3-0","Asylum","FragGrenade","1","CampaignWorld/Asylum/CampaignSupplies/SurvivalSupply_survival-Asylum_2_3-0","(151.650, -2.990, 233.485)","-3.080","CampaignWorld/Asylum/Asylum/Basement/SeclusionRoomA/SeclusionRoom_floor","-3.839","0.759","SupplyBench_Asylum_2","True"
"survival-Factory_2_0-0","Factory","FragGrenade","1","CampaignWorld/Factory/Map_v2/CampaignSupplies/SurvivalSupply_survival-Factory_2_0-0","(110.000, 0.800, 101.200)","0.710","CampaignWorld/Factory/Map_v2/ColdLedger_Extension/Architecture/ContinuousFacility/Foundations/WorldBase_Continuous","0.000","0.710","SupplyBench_Factory_2","True"
"Factory_1_3","Factory","MedicalCase","1","CampaignWorld/Factory/Map_v2/CampaignSupplies/FiniteSupply","(98.650, 0.800, -73.000)","0.700","CampaignWorld/Factory/Map_v2/CampaignSupplies/SupplyBench_Factory_1/Worktop","0.700","0.000","SupplyBench_Factory_1","False"
"survival-Factory_1_0-2","Factory","Medkit","1","CampaignWorld/Factory/Map_v2/CampaignSupplies/SurvivalSupply_survival-Factory_1_0-2","(98.000, 0.800, -73.800)","0.718","CampaignWorld/Factory/Map_v2/ColdLedger_Extension/Architecture/ContinuousFacility/Foundations/WorldBase_Continuous","0.000","0.718","SupplyBench_Factory_1","True"
"survival-Asylum_1_3-2","Asylum","Medkit","1","CampaignWorld/Asylum/CampaignSupplies/SurvivalSupply_survival-Asylum_1_3-2","(120.650, 4.660, 231.485)","4.577","CampaignWorld/Asylum/Asylum/2ndFloor/Surgery/Surgery_floor","3.818","0.759","SupplyBench_Asylum_1","True"
"survival-Asylum_2_3-3","Asylum","Antidote","1","CampaignWorld/Asylum/CampaignSupplies/SurvivalSupply_survival-Asylum_2_3-3","(153.150, -2.990, 233.485)","-3.050","CampaignWorld/Asylum/Asylum/Basement/SeclusionRoomA/SeclusionRoom_floor","-3.839","0.789","SupplyBench_Asylum_2","True"
"survival-Laboratory_2_0-0","Laboratory","FragGrenade","1","CampaignWorld/Laboratory/CampaignSupplies/SurvivalSupply_survival-Laboratory_2_0-0","(167.190, -17.200, 301.085)","-17.290","CampaignWorld/Laboratory/Geometry/F_TRANSFER BAY/FloorBand3x18","-18.000","0.710","SupplyBench_Laboratory_2","True"
"survival-Laboratory_2_0-2","Laboratory","Medkit","1","CampaignWorld/Laboratory/CampaignSupplies/SurvivalSupply_survival-Laboratory_2_0-2","(168.190, -17.200, 301.085)","-17.283","CampaignWorld/Laboratory/Geometry/F_TRANSFER BAY/FloorBand3x18","-18.000","0.717","SupplyBench_Laboratory_2","True"
"survival-Laboratory_0_0-3","Laboratory","Antidote","1","CampaignWorld/Laboratory/CampaignSupplies/SurvivalSupply_survival-Laboratory_0_0-3","(153.690, -17.200, 245.085)","-17.260","CampaignWorld/Laboratory/Geometry/A_RECEPTION/Floor3x3","-18.000","0.740","SupplyBench_Laboratory_0","True"
"survival-Asylum_2_0-0","Asylum","FragGrenade","1","CampaignWorld/Asylum/CampaignSupplies/SurvivalSupply_survival-Asylum_2_0-0","(150.000, -2.990, 233.485)","-3.080","CampaignWorld/Asylum/Asylum/Basement/SeclusionRoomA/SeclusionRoom_floor","-3.839","0.759","SupplyBench_Asylum_2","True"
"survival-Factory_1_3-1","Factory","IncendiaryGrenade","1","CampaignWorld/Factory/Map_v2/CampaignSupplies/SurvivalSupply_survival-Factory_1_3-1","(99.150, 0.800, -73.800)","0.710","CampaignWorld/Factory/Map_v2/ColdLedger_Extension/Architecture/ContinuousFacility/Foundations/WorldBase_Continuous","0.000","0.710","SupplyBench_Factory_1","True"
"survival-Laboratory_1_3-1","Laboratory","IncendiaryGrenade","1","CampaignWorld/Laboratory/CampaignSupplies/SurvivalSupply_survival-Laboratory_1_3-1","(219.340, -17.200, 246.085)","-17.290","CampaignWorld/Laboratory/Geometry/C_RESEARCH/FloorBand3x18","-18.000","0.710","SupplyBench_Laboratory_1","True"
"survival-Laboratory_2_3-2","Laboratory","Medkit","1","CampaignWorld/Laboratory/CampaignSupplies/SurvivalSupply_survival-Laboratory_2_3-2","(169.840, -17.200, 301.085)","-17.283","CampaignWorld/Laboratory/Geometry/F_TRANSFER BAY/FloorBand3x18","-18.000","0.717","SupplyBench_Laboratory_2","True"
"survival-Factory_1_3-0","Factory","FragGrenade","1","CampaignWorld/Factory/Map_v2/CampaignSupplies/SurvivalSupply_survival-Factory_1_3-0","(98.650, 0.800, -73.800)","0.710","CampaignWorld/Factory/Map_v2/ColdLedger_Extension/Architecture/ContinuousFacility/Foundations/WorldBase_Continuous","0.000","0.710","SupplyBench_Factory_1","True"
"Laboratory_1_1","Laboratory","Ammo","2","CampaignWorld/Laboratory/CampaignSupplies/FiniteSupply","(217.740, -17.200, 246.885)","-17.300","CampaignWorld/Laboratory/CampaignSupplies/SupplyBench_Laboratory_1/Worktop","-17.300","0.000","SupplyBench_Laboratory_1","False"
"Asylum_2_3","Asylum","MedicalCase","1","CampaignWorld/Asylum/CampaignSupplies/FiniteSupply","(151.650, -2.990, 234.285)","-3.090","CampaignWorld/Asylum/CampaignSupplies/SupplyBench_Asylum_2/Worktop","-3.090","0.000","SupplyBench_Asylum_2","False"
"Laboratory_2_0","Laboratory","Ammo","1","CampaignWorld/Laboratory/CampaignSupplies/FiniteSupply","(167.190, -17.200, 301.885)","-17.300","CampaignWorld/Laboratory/CampaignSupplies/SupplyBench_Laboratory_2/Worktop","-17.300","0.000","SupplyBench_Laboratory_2","False"
"Laboratory_2_1","Laboratory","Ammo","2","CampaignWorld/Laboratory/CampaignSupplies/FiniteSupply","(167.740, -17.200, 301.885)","-17.300","CampaignWorld/Laboratory/CampaignSupplies/SupplyBench_Laboratory_2/Worktop","-17.300","0.000","SupplyBench_Laboratory_2","False"
"Asylum_0_2","Asylum","Ammo","4","CampaignWorld/Asylum/CampaignSupplies/FiniteSupply","(153.100, 0.850, 246.885)","0.750","CampaignWorld/Asylum/CampaignSupplies/SupplyBench_Asylum_0/Worktop","0.750","0.000","SupplyBench_Asylum_0","False"
"survival-Asylum_0_0-3","Asylum","Antidote","1","CampaignWorld/Asylum/CampaignSupplies/SurvivalSupply_survival-Asylum_0_0-3","(153.500, 0.850, 246.085)","0.790","CampaignWorld/Asylum/Asylum/1stFloor/Stock/Stock_floor","0.032","0.758","SupplyBench_Asylum_0","True"
"survival-Asylum_1_3-1","Asylum","IncendiaryGrenade","1","CampaignWorld/Asylum/CampaignSupplies/SurvivalSupply_survival-Asylum_1_3-1","(120.150, 4.660, 231.485)","4.570","CampaignWorld/Asylum/Asylum/2ndFloor/Surgery/Surgery_floor","3.818","0.752","SupplyBench_Asylum_1","True"
"survival-Laboratory_0_3-0","Laboratory","FragGrenade","1","CampaignWorld/Laboratory/CampaignSupplies/SurvivalSupply_survival-Laboratory_0_3-0","(153.840, -17.200, 245.085)","-17.290","CampaignWorld/Laboratory/Geometry/A_RECEPTION/Floor3x3","-18.000","0.710","SupplyBench_Laboratory_0","True"
"Laboratory_0_1","Laboratory","Ammo","2","CampaignWorld/Laboratory/CampaignSupplies/FiniteSupply","(152.740, -17.200, 245.885)","-17.300","CampaignWorld/Laboratory/CampaignSupplies/SupplyBench_Laboratory_0/Worktop","-17.300","0.000","SupplyBench_Laboratory_0","False"
"Asylum_1_0","Asylum","Ammo","1","CampaignWorld/Asylum/CampaignSupplies/FiniteSupply","(118.000, 4.660, 232.285)","4.560","CampaignWorld/Asylum/CampaignSupplies/SupplyBench_Asylum_1/Worktop","4.560","0.000","SupplyBench_Asylum_1","False"
"survival-Factory_0_3-3","Factory","Antidote","1","CampaignWorld/Factory/Map_v2/CampaignSupplies/SurvivalSupply_survival-Factory_0_3-3","(98.150, 0.800, 26.200)","0.740","CampaignWorld/Factory/Map_v2/Static/Road_set_v1_b_floor (9)","0.560","0.180","SupplyBench_Factory_0","True"
"survival-Laboratory_1_0-1","Laboratory","IncendiaryGrenade","1","CampaignWorld/Laboratory/CampaignSupplies/SurvivalSupply_survival-Laboratory_1_0-1","(217.690, -17.200, 246.085)","-17.290","CampaignWorld/Laboratory/Geometry/C_RESEARCH/FloorBand3x18","-18.000","0.710","SupplyBench_Laboratory_1","True"
"survival-Laboratory_1_0-3","Laboratory","Antidote","1","CampaignWorld/Laboratory/CampaignSupplies/SurvivalSupply_survival-Laboratory_1_0-3","(218.690, -17.200, 246.085)","-17.260","CampaignWorld/Laboratory/Geometry/C_RESEARCH/FloorBand3x18","-18.000","0.740","SupplyBench_Laboratory_1","True"
"Laboratory_1_0","Laboratory","Ammo","1","CampaignWorld/Laboratory/CampaignSupplies/FiniteSupply","(217.190, -17.200, 246.885)","-17.300","CampaignWorld/Laboratory/CampaignSupplies/SupplyBench_Laboratory_1/Worktop","-17.300","0.000","SupplyBench_Laboratory_1","False"
"survival-Laboratory_1_3-0","Laboratory","FragGrenade","1","CampaignWorld/Laboratory/CampaignSupplies/SurvivalSupply_survival-Laboratory_1_3-0","(218.840, -17.200, 246.085)","-17.290","CampaignWorld/Laboratory/Geometry/C_RESEARCH/FloorBand3x18","-18.000","0.710","SupplyBench_Laboratory_1","True"
"Asylum_2_1","Asylum","Ammo","2","CampaignWorld/Asylum/CampaignSupplies/FiniteSupply","(150.550, -2.990, 234.285)","-3.090","CampaignWorld/Asylum/CampaignSupplies/SupplyBench_Asylum_2/Worktop","-3.090","0.000","SupplyBench_Asylum_2","False"
"survival-Laboratory_0_0-2","Laboratory","Medkit","1","CampaignWorld/Laboratory/CampaignSupplies/SurvivalSupply_survival-Laboratory_0_0-2","(153.190, -17.200, 245.085)","-17.283","CampaignWorld/Laboratory/Geometry/A_RECEPTION/Floor3x3","-18.000","0.717","SupplyBench_Laboratory_0","True"
"Factory_0_0","Factory","Ammo","1","CampaignWorld/Factory/Map_v2/CampaignSupplies/FiniteSupply","(95.000, 0.800, 27.000)","0.700","CampaignWorld/Factory/Map_v2/CampaignSupplies/SupplyBench_Factory_0/Worktop","0.700","0.000","SupplyBench_Factory_0","False"
"survival-Laboratory_0_3-1","Laboratory","IncendiaryGrenade","1","CampaignWorld/Laboratory/CampaignSupplies/SurvivalSupply_survival-Laboratory_0_3-1","(154.340, -17.200, 245.085)","-17.290","CampaignWorld/Laboratory/Geometry/A_RECEPTION/Floor3x3","-18.000","0.710","SupplyBench_Laboratory_0","True"
"survival-Factory_2_3-0","Factory","FragGrenade","1","CampaignWorld/Factory/Map_v2/CampaignSupplies/SurvivalSupply_survival-Factory_2_3-0","(111.650, 0.800, 101.200)","0.710","CampaignWorld/Factory/Map_v2/ColdLedger_Extension/Architecture/ContinuousFacility/Foundations/WorldBase_Continuous","0.000","0.710","SupplyBench_Factory_2","True"
"Factory_0_2","Factory","Ammo","4","CampaignWorld/Factory/Map_v2/CampaignSupplies/FiniteSupply","(96.100, 0.800, 27.000)","0.700","CampaignWorld/Factory/Map_v2/CampaignSupplies/SupplyBench_Factory_0/Worktop","0.700","0.000","SupplyBench_Factory_0","False"
"Laboratory_1_2","Laboratory","Ammo","4","CampaignWorld/Laboratory/CampaignSupplies/FiniteSupply","(218.290, -17.200, 246.885)","-17.300","CampaignWorld/Laboratory/CampaignSupplies/SupplyBench_Laboratory_1/Worktop","-17.300","0.000","SupplyBench_Laboratory_1","False"
"Factory_1_0","Factory","Ammo","1","CampaignWorld/Factory/Map_v2/CampaignSupplies/FiniteSupply","(97.000, 0.800, -73.000)","0.700","CampaignWorld/Factory/Map_v2/CampaignSupplies/SupplyBench_Factory_1/Worktop","0.700","0.000","SupplyBench_Factory_1","False"
"survival-Factory_2_0-3","Factory","Antidote","1","CampaignWorld/Factory/Map_v2/CampaignSupplies/SurvivalSupply_survival-Factory_2_0-3","(111.500, 0.800, 101.200)","0.740","CampaignWorld/Factory/Map_v2/ColdLedger_Extension/Architecture/ContinuousFacility/Foundations/WorldBase_Continuous","0.000","0.740","SupplyBench_Factory_2","True"
"Laboratory_1_3","Laboratory","MedicalCase","1","CampaignWorld/Laboratory/CampaignSupplies/FiniteSupply","(218.840, -17.200, 246.885)","-17.300","CampaignWorld/Laboratory/CampaignSupplies/SupplyBench_Laboratory_1/Worktop","-17.300","0.000","SupplyBench_Laboratory_1","False"
"survival-Laboratory_1_0-2","Laboratory","Medkit","1","CampaignWorld/Laboratory/CampaignSupplies/SurvivalSupply_survival-Laboratory_1_0-2","(218.190, -17.200, 246.085)","-17.283","CampaignWorld/Laboratory/Geometry/C_RESEARCH/FloorBand3x18","-18.000","0.717","SupplyBench_Laboratory_1","True"
"Asylum_2_2","Asylum","Ammo","4","CampaignWorld/Asylum/CampaignSupplies/FiniteSupply","(151.100, -2.990, 234.285)","-3.090","CampaignWorld/Asylum/CampaignSupplies/SupplyBench_Asylum_2/Worktop","-3.090","0.000","SupplyBench_Asylum_2","False"
"survival-Laboratory_0_3-3","Laboratory","Antidote","1","CampaignWorld/Laboratory/CampaignSupplies/SurvivalSupply_survival-Laboratory_0_3-3","(155.340, -17.200, 245.085)","-17.260","CampaignWorld/Laboratory/Geometry/A_RECEPTION/Floor3x3","-18.000","0.740","SupplyBench_Laboratory_0","True"
"survival-Laboratory_1_3-3","Laboratory","Antidote","1","CampaignWorld/Laboratory/CampaignSupplies/SurvivalSupply_survival-Laboratory_1_3-3","(220.340, -17.200, 246.085)","-17.260","CampaignWorld/Laboratory/Geometry/C_RESEARCH/FloorBand3x18","-18.000","0.740","SupplyBench_Laboratory_1","True"
"Laboratory_0_2","Laboratory","Ammo","4","CampaignWorld/Laboratory/CampaignSupplies/FiniteSupply","(153.290, -17.200, 245.885)","-17.300","CampaignWorld/Laboratory/CampaignSupplies/SupplyBench_Laboratory_0/Worktop","-17.300","0.000","SupplyBench_Laboratory_0","False"
"Factory_1_1","Factory","Ammo","2","CampaignWorld/Factory/Map_v2/CampaignSupplies/FiniteSupply","(97.550, 0.800, -73.000)","0.700","CampaignWorld/Factory/Map_v2/CampaignSupplies/SupplyBench_Factory_1/Worktop","0.700","0.000","SupplyBench_Factory_1","False"
"survival-Asylum_0_0-2","Asylum","Medkit","1","CampaignWorld/Asylum/CampaignSupplies/SurvivalSupply_survival-Asylum_0_0-2","(153.000, 0.850, 246.085)","0.768","CampaignWorld/Asylum/Asylum/1stFloor/Stock/Stock_floor","0.032","0.736","SupplyBench_Asylum_0","True"
"survival-Laboratory_0_3-2","Laboratory","Medkit","1","CampaignWorld/Laboratory/CampaignSupplies/SurvivalSupply_survival-Laboratory_0_3-2","(154.840, -17.200, 245.085)","-17.283","CampaignWorld/Laboratory/Geometry/A_RECEPTION/Floor3x3","-18.000","0.717","SupplyBench_Laboratory_0","True"
"survival-Factory_2_3-2","Factory","Medkit","1","CampaignWorld/Factory/Map_v2/CampaignSupplies/SurvivalSupply_survival-Factory_2_3-2","(112.650, 0.800, 101.200)","0.718","CampaignWorld/Factory/Map_v2/ColdLedger_Extension/Architecture/ContinuousFacility/Foundations/WorldBase_Continuous","0.000","0.718","SupplyBench_Factory_2","True"
"survival-Factory_0_0-3","Factory","Antidote","1","CampaignWorld/Factory/Map_v2/CampaignSupplies/SurvivalSupply_survival-Factory_0_0-3","(96.500, 0.800, 26.200)","0.740","CampaignWorld/Factory/Map_v2/Static/Road_set_v1_b_floor (9)","0.560","0.180","SupplyBench_Factory_0","True"
"survival-Laboratory_2_3-1","Laboratory","IncendiaryGrenade","1","CampaignWorld/Laboratory/CampaignSupplies/SurvivalSupply_survival-Laboratory_2_3-1","(169.340, -17.200, 301.085)","-17.290","CampaignWorld/Laboratory/Geometry/F_TRANSFER BAY/FloorBand3x18","-18.000","0.710","SupplyBench_Laboratory_2","True"
"Factory_1_2","Factory","Ammo","4","CampaignWorld/Factory/Map_v2/CampaignSupplies/FiniteSupply","(98.100, 0.800, -73.000)","0.700","CampaignWorld/Factory/Map_v2/CampaignSupplies/SupplyBench_Factory_1/Worktop","0.700","0.000","SupplyBench_Factory_1","False"
"survival-Factory_0_0-2","Factory","Medkit","1","CampaignWorld/Factory/Map_v2/CampaignSupplies/SurvivalSupply_survival-Factory_0_0-2","(96.000, 0.800, 26.200)","0.718","CampaignWorld/Factory/Map_v2/Static/Road_set_v1_b_floor (9)","0.560","0.157","SupplyBench_Factory_0","True"
"Factory_2_0","Factory","Ammo","1","CampaignWorld/Factory/Map_v2/CampaignSupplies/FiniteSupply","(110.000, 0.800, 102.000)","0.700","CampaignWorld/Factory/Map_v2/CampaignSupplies/SupplyBench_Factory_2/Worktop","0.700","0.000","SupplyBench_Factory_2","False"
"Asylum_1_3","Asylum","MedicalCase","1","CampaignWorld/Asylum/CampaignSupplies/FiniteSupply","(119.650, 4.660, 232.285)","4.560","CampaignWorld/Asylum/CampaignSupplies/SupplyBench_Asylum_1/Worktop","4.560","0.000","SupplyBench_Asylum_1","False"
